model,bfcl_model,task_id,success,n_requests,total_input_tokens,total_output_tokens,total_latency_s
deepseek-v4-flash,deepseek-v4-flash-FC,multi_turn_base_0,True,26,151770,2680,45.344
deepseek-v4-flash,deepseek-v4-flash-FC,multi_turn_base_1,True,13,48781,1580,24.746
deepseek-v4-flash,deepseek-v4-flash-FC,multi_turn_base_2,False,27,182430,3952,56.136
deepseek-v4-flash,deepseek-v4-flash-FC,multi_turn_base_3,True,15,57331,1567,26.01
deepseek-v4-flash,deepseek-v4-flash-FC,multi_turn_base_4,False,8,40257,1244,16.975
deepseek-v4-flash,deepseek-v4-flash-FC,multi_turn_base_5,True,20,112174,1765,30.901
deepseek-v4-flash,deepseek-v4-flash-FC,multi_turn_base_6,False,20,80462,1868,32.234
deepseek-v4-flash,deepseek-v4-flash-FC,multi_turn_base_7,True,10,51760,1167,17.376
deepseek-v4-flash,deepseek-v4-flash-FC,multi_turn_base_8,False,13,74530,2827,34.067
deepseek-v4-flash,deepseek-v4-flash-FC,multi_turn_base_9,True,16,62428,1849,28.631
deepseek-v4-flash,deepseek-v4-flash-FC,multi_turn_base_10,False,23,91804,2431,39.815
deepseek-v4-flash,deepseek-v4-flash-FC,multi_turn_base_11,False,6,29422,717,11.101
deepseek-v4-flash,deepseek-v4-flash-FC,multi_turn_base_12,True,11,37313,805,15.573
deepseek-v4-flash,deepseek-v4-flash-FC,multi_turn_base_13,True,7,34416,744,11.481
deepseek-v4-flash,deepseek-v4-flash-FC,multi_turn_base_14,True,14,66648,1958,27.831
deepseek-v4-flash,deepseek-v4-flash-FC,multi_turn_base_15,True,17,106449,2373,36.621
deepseek-v4-flash,deepseek-v4-flash-FC,multi_turn_base_16,True,22,87549,2212,36.316
deepseek-v4-flash,deepseek-v4-flash-FC,multi_turn_base_17,True,15,71345,2003,28.883
deepseek-v4-flash,deepseek-v4-flash-FC,multi_turn_base_18,False,23,139754,3096,44.387
deepseek-v4-flash,deepseek-v4-flash-FC,multi_turn_base_19,True,10,44039,1033,17.016
deepseek-v4-flash,deepseek-v4-flash-FC,multi_turn_base_20,True,10,50543,859,15.11
deepseek-v4-flash,deepseek-v4-flash-FC,multi_turn_base_21,True,11,57485,1268,20.327
deepseek-v4-flash,deepseek-v4-flash-FC,multi_turn_base_22,True,16,87020,1677,29.171
deepseek-v4-flash,deepseek-v4-flash-FC,multi_turn_base_23,True,11,50575,827,15.246
deepseek-v4-flash,deepseek-v4-flash-FC,multi_turn_base_24,True,22,116949,1980,35.095
deepseek-v4-flash,deepseek-v4-flash-FC,multi_turn_base_25,True,14,49361,1182,22.485
deepseek-v4-flash,deepseek-v4-flash-FC,multi_turn_base_26,True,12,44425,1433,22.926
deepseek-v4-flash,deepseek-v4-flash-FC,multi_turn_base_27,True,11,51867,1398,20.828
deepseek-v4-flash,deepseek-v4-flash-FC,multi_turn_base_28,True,14,81363,1412,23.55
deepseek-v4-flash,deepseek-v4-flash-FC,multi_turn_base_29,True,7,22350,536,9.681
deepseek-v4-flash,deepseek-v4-flash-FC,multi_turn_base_30,True,11,56759,1155,20.014
deepseek-v4-flash,deepseek-v4-flash-FC,multi_turn_base_31,True,10,58983,1287,19.276
deepseek-v4-flash,deepseek-v4-flash-FC,multi_turn_base_32,True,8,44936,897,15.198
deepseek-v4-flash,deepseek-v4-flash-FC,multi_turn_base_33,True,13,56852,1060,18.214
deepseek-v4-flash,deepseek-v4-flash-FC,multi_turn_base_34,True,14,83778,1359,21.854
deepseek-v4-flash,deepseek-v4-flash-FC,multi_turn_base_35,True,15,85991,1087,20.068
deepseek-v4-flash,deepseek-v4-flash-FC,multi_turn_base_36,True,17,107861,2416,37.736
deepseek-v4-flash,deepseek-v4-flash-FC,multi_turn_base_37,True,12,45157,1587,23.028
deepseek-v4-flash,deepseek-v4-flash-FC,multi_turn_base_38,True,10,34200,740,14.378
deepseek-v4-flash,deepseek-v4-flash-FC,multi_turn_base_39,True,13,48827,1460,21.806
deepseek-v4-flash,deepseek-v4-flash-FC,multi_turn_base_40,True,29,160451,3033,50.744
deepseek-v4-flash,deepseek-v4-flash-FC,multi_turn_base_41,True,12,56251,1562,24.097
deepseek-v4-flash,deepseek-v4-flash-FC,multi_turn_base_42,True,10,55409,1018,16.821
deepseek-v4-flash,deepseek-v4-flash-FC,multi_turn_base_43,True,14,65625,1690,25.802
deepseek-v4-flash,deepseek-v4-flash-FC,multi_turn_base_44,True,13,74326,1032,18.177
deepseek-v4-flash,deepseek-v4-flash-FC,multi_turn_base_45,True,12,69922,1463,21.346
deepseek-v4-flash,deepseek-v4-flash-FC,multi_turn_base_46,True,10,42959,717,13.861
deepseek-v4-flash,deepseek-v4-flash-FC,multi_turn_base_47,True,8,43558,788,13.099
deepseek-v4-flash,deepseek-v4-flash-FC,multi_turn_base_48,True,12,59938,1797,26.007
deepseek-v4-flash,deepseek-v4-flash-FC,multi_turn_base_49,True,14,82164,1510,24.184
deepseek-v4-flash,deepseek-v4-flash-FC,multi_turn_base_50,True,2,6589,389,5.44
deepseek-v4-flash,deepseek-v4-flash-FC,multi_turn_base_51,True,17,83641,1692,28.444
deepseek-v4-flash,deepseek-v4-flash-FC,multi_turn_base_52,True,17,99609,2143,32.908
deepseek-v4-flash,deepseek-v4-flash-FC,multi_turn_base_53,True,16,88322,1515,27.188
deepseek-v4-flash,deepseek-v4-flash-FC,multi_turn_base_54,True,12,67372,1770,26.534
deepseek-v4-flash,deepseek-v4-flash-FC,multi_turn_base_55,True,20,109292,2435,37.301
deepseek-v4-flash,deepseek-v4-flash-FC,multi_turn_base_56,True,15,60598,1856,29.0
deepseek-v4-flash,deepseek-v4-flash-FC,multi_turn_base_57,True,5,27823,731,10.952
deepseek-v4-flash,deepseek-v4-flash-FC,multi_turn_base_58,True,21,126367,2467,39.207
deepseek-v4-flash,deepseek-v4-flash-FC,multi_turn_base_59,True,19,120656,2349,37.635
deepseek-v4-flash,deepseek-v4-flash-FC,multi_turn_base_60,True,17,91882,2455,35.311
deepseek-v4-flash,deepseek-v4-flash-FC,multi_turn_base_61,True,25,147739,5807,85.985
deepseek-v4-flash,deepseek-v4-flash-FC,multi_turn_base_62,True,16,80044,2055,30.009
deepseek-v4-flash,deepseek-v4-flash-FC,multi_turn_base_63,True,16,83793,2412,35.877
deepseek-v4-flash,deepseek-v4-flash-FC,multi_turn_base_64,True,11,40923,1374,19.879
deepseek-v4-flash,deepseek-v4-flash-FC,multi_turn_base_65,True,14,82649,1840,28.546
deepseek-v4-flash,deepseek-v4-flash-FC,multi_turn_base_66,True,15,64154,2115,32.632
deepseek-v4-flash,deepseek-v4-flash-FC,multi_turn_base_67,True,14,67499,1764,29.266
deepseek-v4-flash,deepseek-v4-flash-FC,multi_turn_base_68,True,18,105024,2257,35.137
deepseek-v4-flash,deepseek-v4-flash-FC,multi_turn_base_69,True,13,73458,1725,24.929
deepseek-v4-flash,deepseek-v4-flash-FC,multi_turn_base_70,True,13,52816,1734,25.828
deepseek-v4-flash,deepseek-v4-flash-FC,multi_turn_base_71,True,19,77250,1986,32.945
deepseek-v4-flash,deepseek-v4-flash-FC,multi_turn_base_72,True,20,103268,2987,42.005
deepseek-v4-flash,deepseek-v4-flash-FC,multi_turn_base_73,True,11,43228,1614,23.374
deepseek-v4-flash,deepseek-v4-flash-FC,multi_turn_base_74,True,14,83682,1613,23.111
deepseek-v4-flash,deepseek-v4-flash-FC,multi_turn_base_75,True,15,84129,1599,25.492
deepseek-v4-flash,deepseek-v4-flash-FC,multi_turn_base_76,True,9,49266,1228,18.653
deepseek-v4-flash,deepseek-v4-flash-FC,multi_turn_base_77,True,9,48709,1337,20.648
deepseek-v4-flash,deepseek-v4-flash-FC,multi_turn_base_78,True,6,31075,905,13.346
deepseek-v4-flash,deepseek-v4-flash-FC,multi_turn_base_79,True,13,49058,1251,20.552
deepseek-v4-flash,deepseek-v4-flash-FC,multi_turn_base_80,True,15,93703,2237,32.112
deepseek-v4-flash,deepseek-v4-flash-FC,multi_turn_base_81,True,18,111762,1994,32.051
deepseek-v4-flash,deepseek-v4-flash-FC,multi_turn_base_82,True,20,95830,3424,47.191
deepseek-v4-flash,deepseek-v4-flash-FC,multi_turn_base_83,True,14,53056,1360,21.684
deepseek-v4-flash,deepseek-v4-flash-FC,multi_turn_base_84,True,9,34396,1205,16.664
deepseek-v4-flash,deepseek-v4-flash-FC,multi_turn_base_85,True,15,60991,1917,27.902
deepseek-v4-flash,deepseek-v4-flash-FC,multi_turn_base_86,True,13,74058,1792,25.393
deepseek-v4-flash,deepseek-v4-flash-FC,multi_turn_base_87,True,14,56377,1826,26.784
deepseek-v4-flash,deepseek-v4-flash-FC,multi_turn_base_88,True,15,85222,1890,27.057
deepseek-v4-flash,deepseek-v4-flash-FC,multi_turn_base_89,True,16,65350,2098,29.587
deepseek-v4-flash,deepseek-v4-flash-FC,multi_turn_base_90,True,21,124109,2501,35.039
deepseek-v4-flash,deepseek-v4-flash-FC,multi_turn_base_91,True,7,31926,1359,16.644
deepseek-v4-flash,deepseek-v4-flash-FC,multi_turn_base_92,True,18,76571,2567,35.333
deepseek-v4-flash,deepseek-v4-flash-FC,multi_turn_base_93,True,13,51802,1706,22.376
deepseek-v4-flash,deepseek-v4-flash-FC,multi_turn_base_94,True,14,56135,1882,27.4
deepseek-v4-flash,deepseek-v4-flash-FC,multi_turn_base_95,True,19,93106,1876,27.671
deepseek-v4-flash,deepseek-v4-flash-FC,multi_turn_base_96,True,18,89356,3925,50.502
deepseek-v4-flash,deepseek-v4-flash-FC,multi_turn_base_97,True,22,119202,2828,42.236
deepseek-v4-flash,deepseek-v4-flash-FC,multi_turn_base_98,True,17,107760,2362,34.1
deepseek-v4-flash,deepseek-v4-flash-FC,multi_turn_base_99,True,16,68269,2369,33.123
deepseek-v4-pro,deepseek-v4-pro-FC,multi_turn_base_0,True,24,140542,2569,64.924
deepseek-v4-pro,deepseek-v4-pro-FC,multi_turn_base_1,True,14,52048,1441,38.264
deepseek-v4-pro,deepseek-v4-pro-FC,multi_turn_base_2,False,28,204049,4273,90.224
deepseek-v4-pro,deepseek-v4-pro-FC,multi_turn_base_3,True,9,32915,1136,27.038
deepseek-v4-pro,deepseek-v4-pro-FC,multi_turn_base_4,False,9,45752,1309,29.384
deepseek-v4-pro,deepseek-v4-pro-FC,multi_turn_base_5,True,18,99328,1785,45.96
deepseek-v4-pro,deepseek-v4-pro-FC,multi_turn_base_6,True,21,82078,1583,49.447
deepseek-v4-pro,deepseek-v4-pro-FC,multi_turn_base_7,True,9,46217,1162,27.129
deepseek-v4-pro,deepseek-v4-pro-FC,multi_turn_base_8,False,10,55139,1804,38.086
deepseek-v4-pro,deepseek-v4-pro-FC,multi_turn_base_9,False,24,103246,2761,64.913
deepseek-v4-pro,deepseek-v4-pro-FC,multi_turn_base_10,False,23,93827,2368,59.716
deepseek-v4-pro,deepseek-v4-pro-FC,multi_turn_base_11,False,6,29342,642,14.17
deepseek-v4-pro,deepseek-v4-pro-FC,multi_turn_base_12,True,11,37705,823,27.76
deepseek-v4-pro,deepseek-v4-pro-FC,multi_turn_base_13,True,6,29221,607,15.392
deepseek-v4-pro,deepseek-v4-pro-FC,multi_turn_base_14,True,12,54633,1510,34.646
deepseek-v4-pro,deepseek-v4-pro-FC,multi_turn_base_15,True,12,69153,1390,38.588
deepseek-v4-pro,deepseek-v4-pro-FC,multi_turn_base_16,True,14,54607,2080,44.809
deepseek-v4-pro,deepseek-v4-pro-FC,multi_turn_base_17,True,9,39916,1230,26.226
deepseek-v4-pro,deepseek-v4-pro-FC,multi_turn_base_18,False,21,128129,3469,70.39
deepseek-v4-pro,deepseek-v4-pro-FC,multi_turn_base_19,True,10,43743,978,24.205
deepseek-v4-pro,deepseek-v4-pro-FC,multi_turn_base_20,True,10,51683,1134,26.016
deepseek-v4-pro,deepseek-v4-pro-FC,multi_turn_base_21,False,9,47150,1332,30.254
deepseek-v4-pro,deepseek-v4-pro-FC,multi_turn_base_22,True,17,94261,1790,46.699
deepseek-v4-pro,deepseek-v4-pro-FC,multi_turn_base_23,True,10,46536,1001,25.413
deepseek-v4-pro,deepseek-v4-pro-FC,multi_turn_base_24,False,11,54066,1424,30.747
deepseek-v4-pro,deepseek-v4-pro-FC,multi_turn_base_25,False,10,34677,860,24.991
deepseek-v4-pro,deepseek-v4-pro-FC,multi_turn_base_26,True,14,51281,1390,38.874
deepseek-v4-pro,deepseek-v4-pro-FC,multi_turn_base_27,True,11,53017,1484,30.708
deepseek-v4-pro,deepseek-v4-pro-FC,multi_turn_base_28,False,11,60994,795,26.277
deepseek-v4-pro,deepseek-v4-pro-FC,multi_turn_base_29,True,7,22643,756,18.941
deepseek-v4-pro,deepseek-v4-pro-FC,multi_turn_base_30,False,13,71745,1676,38.744
deepseek-v4-pro,deepseek-v4-pro-FC,multi_turn_base_31,False,8,47105,1395,26.297
deepseek-v4-pro,deepseek-v4-pro-FC,multi_turn_base_32,True,7,38751,710,16.442
deepseek-v4-pro,deepseek-v4-pro-FC,multi_turn_base_33,True,11,47030,837,23.298
deepseek-v4-pro,deepseek-v4-pro-FC,multi_turn_base_34,True,10,58605,1169,25.248
deepseek-v4-pro,deepseek-v4-pro-FC,multi_turn_base_35,True,15,88065,1498,37.022
deepseek-v4-pro,deepseek-v4-pro-FC,multi_turn_base_36,False,20,132609,2609,54.914
deepseek-v4-pro,deepseek-v4-pro-FC,multi_turn_base_37,True,12,44232,1364,31.008
deepseek-v4-pro,deepseek-v4-pro-FC,multi_turn_base_38,True,13,46835,995,28.882
deepseek-v4-pro,deepseek-v4-pro-FC,multi_turn_base_39,True,14,52959,1543,37.186
deepseek-v4-pro,deepseek-v4-pro-FC,multi_turn_base_40,True,12,54764,1430,33.53
deepseek-v4-pro,deepseek-v4-pro-FC,multi_turn_base_41,False,11,53131,1508,33.182
deepseek-v4-pro,deepseek-v4-pro-FC,multi_turn_base_42,False,12,67815,1072,31.238
deepseek-v4-pro,deepseek-v4-pro-FC,multi_turn_base_43,True,11,47609,1050,28.347
deepseek-v4-pro,deepseek-v4-pro-FC,multi_turn_base_44,True,13,74796,1123,31.531
deepseek-v4-pro,deepseek-v4-pro-FC,multi_turn_base_45,False,8,45298,1589,28.536
deepseek-v4-pro,deepseek-v4-pro-FC,multi_turn_base_46,True,8,33891,573,18.201
deepseek-v4-pro,deepseek-v4-pro-FC,multi_turn_base_47,True,7,37888,684,17.117
deepseek-v4-pro,deepseek-v4-pro-FC,multi_turn_base_48,True,9,42058,1170,26.801
deepseek-v4-pro,deepseek-v4-pro-FC,multi_turn_base_49,False,11,62845,1669,33.461
deepseek-v4-pro,deepseek-v4-pro-FC,multi_turn_base_50,True,2,6521,296,7.117
deepseek-v4-pro,deepseek-v4-pro-FC,multi_turn_base_51,True,13,62533,1578,37.098
deepseek-v4-pro,deepseek-v4-pro-FC,multi_turn_base_52,False,14,81544,2238,50.911
deepseek-v4-pro,deepseek-v4-pro-FC,multi_turn_base_53,True,12,63897,1223,31.153
deepseek-v4-pro,deepseek-v4-pro-FC,multi_turn_base_54,True,11,60977,1599,35.755
deepseek-v4-pro,deepseek-v4-pro-FC,multi_turn_base_55,True,17,89463,1980,53.106
deepseek-v4-pro,deepseek-v4-pro-FC,multi_turn_base_56,False,13,50779,1630,39.44
deepseek-v4-pro,deepseek-v4-pro-FC,multi_turn_base_57,True,5,27771,764,17.605
deepseek-v4-pro,deepseek-v4-pro-FC,multi_turn_base_58,False,17,100342,2242,52.245
deepseek-v4-pro,deepseek-v4-pro-FC,multi_turn_base_59,True,16,98967,2031,47.102
deepseek-v4-pro,deepseek-v4-pro-FC,multi_turn_base_60,False,17,91473,2164,51.418
deepseek-v4-pro,deepseek-v4-pro-FC,multi_turn_base_61,False,16,83825,3913,78.415
deepseek-v4-pro,deepseek-v4-pro-FC,multi_turn_base_62,False,15,76266,2267,48.264
deepseek-v4-pro,deepseek-v4-pro-FC,multi_turn_base_63,True,11,52749,1477,33.21
deepseek-v4-pro,deepseek-v4-pro-FC,multi_turn_base_64,False,10,37887,1500,31.268
deepseek-v4-pro,deepseek-v4-pro-FC,multi_turn_base_65,True,11,66430,1885,37.595
deepseek-v4-pro,deepseek-v4-pro-FC,multi_turn_base_66,False,13,52289,1594,38.316
deepseek-v4-pro,deepseek-v4-pro-FC,multi_turn_base_67,True,16,75675,1541,42.137
deepseek-v4-pro,deepseek-v4-pro-FC,multi_turn_base_68,True,18,104603,2201,52.565
deepseek-v4-pro,deepseek-v4-pro-FC,multi_turn_base_69,True,9,49429,1311,28.088
deepseek-v4-pro,deepseek-v4-pro-FC,multi_turn_base_70,True,10,40504,1647,34.925
deepseek-v4-pro,deepseek-v4-pro-FC,multi_turn_base_71,True,16,64129,1866,44.936
deepseek-v4-pro,deepseek-v4-pro-FC,multi_turn_base_72,True,16,77742,1793,42.259
deepseek-v4-pro,deepseek-v4-pro-FC,multi_turn_base_73,False,12,48314,1681,38.352
deepseek-v4-pro,deepseek-v4-pro-FC,multi_turn_base_74,False,12,71311,1482,32.686
deepseek-v4-pro,deepseek-v4-pro-FC,multi_turn_base_75,False,14,79114,1748,39.59
deepseek-v4-pro,deepseek-v4-pro-FC,multi_turn_base_76,True,7,37360,1202,23.504
deepseek-v4-pro,deepseek-v4-pro-FC,multi_turn_base_77,True,8,41862,991,23.749
deepseek-v4-pro,deepseek-v4-pro-FC,multi_turn_base_78,False,6,31086,902,19.824
deepseek-v4-pro,deepseek-v4-pro-FC,multi_turn_base_79,True,10,36002,999,25.051
deepseek-v4-pro,deepseek-v4-pro-FC,multi_turn_base_80,True,15,91460,1897,42.385
deepseek-v4-pro,deepseek-v4-pro-FC,multi_turn_base_81,False,14,85647,1843,42.546
deepseek-v4-pro,deepseek-v4-pro-FC,multi_turn_base_82,True,15,62882,2859,58.519
deepseek-v4-pro,deepseek-v4-pro-FC,multi_turn_base_83,True,11,40421,1222,28.546
deepseek-v4-pro,deepseek-v4-pro-FC,multi_turn_base_84,True,8,30781,1362,25.915
deepseek-v4-pro,deepseek-v4-pro-FC,multi_turn_base_85,True,10,38056,1447,31.984
deepseek-v4-pro,deepseek-v4-pro-FC,multi_turn_base_86,True,10,57152,1758,32.68
deepseek-v4-pro,deepseek-v4-pro-FC,multi_turn_base_87,True,12,45340,1364,31.997
deepseek-v4-pro,deepseek-v4-pro-FC,multi_turn_base_88,False,10,56598,1802,34.992
deepseek-v4-pro,deepseek-v4-pro-FC,multi_turn_base_89,False,12,47026,1857,38.455
deepseek-v4-pro,deepseek-v4-pro-FC,multi_turn_base_90,True,16,91485,1875,41.47
deepseek-v4-pro,deepseek-v4-pro-FC,multi_turn_base_91,True,6,27012,1027,20.825
deepseek-v4-pro,deepseek-v4-pro-FC,multi_turn_base_92,False,16,64432,1912,47.532
deepseek-v4-pro,deepseek-v4-pro-FC,multi_turn_base_93,True,12,46358,1617,40.736
deepseek-v4-pro,deepseek-v4-pro-FC,multi_turn_base_94,True,14,55787,1817,44.73
deepseek-v4-pro,deepseek-v4-pro-FC,multi_turn_base_95,True,14,67753,1557,41.524
deepseek-v4-pro,deepseek-v4-pro-FC,multi_turn_base_96,True,10,39522,1770,41.221
deepseek-v4-pro,deepseek-v4-pro-FC,multi_turn_base_97,True,20,104115,2374,61.608
deepseek-v4-pro,deepseek-v4-pro-FC,multi_turn_base_98,False,12,73076,1600,37.849
deepseek-v4-pro,deepseek-v4-pro-FC,multi_turn_base_99,False,13,54965,2267,45.253
qwen3.7-max,qwen3.7-max-FC,multi_turn_base_0,True,26,153128,2590,36.83
qwen3.7-max,qwen3.7-max-FC,multi_turn_base_1,True,14,51632,1662,15.957
qwen3.7-max,qwen3.7-max-FC,multi_turn_base_2,True,29,169387,3143,29.932
qwen3.7-max,qwen3.7-max-FC,multi_turn_base_3,True,9,34801,1412,11.591
qwen3.7-max,qwen3.7-max-FC,multi_turn_base_4,False,10,53182,1520,14.794
qwen3.7-max,qwen3.7-max-FC,multi_turn_base_5,True,20,114202,2362,25.316
qwen3.7-max,qwen3.7-max-FC,multi_turn_base_6,False,13,47884,1266,14.375
qwen3.7-max,qwen3.7-max-FC,multi_turn_base_7,True,9,47126,936,13.081
qwen3.7-max,qwen3.7-max-FC,multi_turn_base_8,True,9,51630,2293,12.126
qwen3.7-max,qwen3.7-max-FC,multi_turn_base_9,False,27,301914,19196,40.051
qwen3.7-max,qwen3.7-max-FC,multi_turn_base_10,False,22,93070,4242,26.699
qwen3.7-max,qwen3.7-max-FC,multi_turn_base_11,True,5,26345,1225,6.255
qwen3.7-max,qwen3.7-max-FC,multi_turn_base_12,True,10,34392,729,13.657
qwen3.7-max,qwen3.7-max-FC,multi_turn_base_13,True,7,36031,894,10.87
qwen3.7-max,qwen3.7-max-FC,multi_turn_base_14,True,11,51819,1518,11.272
qwen3.7-max,qwen3.7-max-FC,multi_turn_base_15,False,11,67595,2342,10.763
qwen3.7-max,qwen3.7-max-FC,multi_turn_base_16,True,14,51632,1814,15.82
qwen3.7-max,qwen3.7-max-FC,multi_turn_base_17,True,14,66631,1871,13.51
qwen3.7-max,qwen3.7-max-FC,multi_turn_base_18,False,19,115159,3244,25.1
qwen3.7-max,qwen3.7-max-FC,multi_turn_base_19,True,8,37002,1383,8.206
qwen3.7-max,qwen3.7-max-FC,multi_turn_base_20,True,11,58555,971,15.191
qwen3.7-max,qwen3.7-max-FC,multi_turn_base_21,True,8,42644,1231,10.928
qwen3.7-max,qwen3.7-max-FC,multi_turn_base_22,True,12,64759,1407,15.725
qwen3.7-max,qwen3.7-max-FC,multi_turn_base_23,True,9,42921,822,8.412
qwen3.7-max,qwen3.7-max-FC,multi_turn_base_24,True,13,67325,2197,11.947
qwen3.7-max,qwen3.7-max-FC,multi_turn_base_25,False,10,34627,940,12.067
qwen3.7-max,qwen3.7-max-FC,multi_turn_base_26,True,12,44025,1375,13.97
qwen3.7-max,qwen3.7-max-FC,multi_turn_base_27,True,12,58240,1287,12.202
qwen3.7-max,qwen3.7-max-FC,multi_turn_base_28,False,13,78586,1794,15.038
qwen3.7-max,qwen3.7-max-FC,multi_turn_base_29,True,7,23367,637,7.292
qwen3.7-max,qwen3.7-max-FC,multi_turn_base_30,False,13,69864,1139,14.164
qwen3.7-max,qwen3.7-max-FC,multi_turn_base_31,False,9,55843,1442,12.027
qwen3.7-max,qwen3.7-max-FC,multi_turn_base_32,False,9,53238,948,9.305
qwen3.7-max,qwen3.7-max-FC,multi_turn_base_33,True,12,54665,1471,13.634
qwen3.7-max,qwen3.7-max-FC,multi_turn_base_34,True,10,60297,1010,14.665
qwen3.7-max,qwen3.7-max-FC,multi_turn_base_35,True,13,77157,1168,19.146
qwen3.7-max,qwen3.7-max-FC,multi_turn_base_36,False,16,110173,2881,19.072
qwen3.7-max,qwen3.7-max-FC,multi_turn_base_37,True,12,44593,1929,15.155
qwen3.7-max,qwen3.7-max-FC,multi_turn_base_38,True,9,32605,985,10.622
qwen3.7-max,qwen3.7-max-FC,multi_turn_base_39,True,15,56728,1380,19.222
qwen3.7-max,qwen3.7-max-FC,multi_turn_base_40,True,19,93384,2237,20.948
qwen3.7-max,qwen3.7-max-FC,multi_turn_base_41,True,11,49971,755,12.259
qwen3.7-max,qwen3.7-max-FC,multi_turn_base_42,True,11,63807,1181,17.035
qwen3.7-max,qwen3.7-max-FC,multi_turn_base_43,True,10,46208,1724,11.863
qwen3.7-max,qwen3.7-max-FC,multi_turn_base_44,True,13,79641,1550,17.543
qwen3.7-max,qwen3.7-max-FC,multi_turn_base_45,False,8,45806,978,10.733
qwen3.7-max,qwen3.7-max-FC,multi_turn_base_46,True,8,35568,509,9.384
qwen3.7-max,qwen3.7-max-FC,multi_turn_base_47,True,7,39881,729,8.723
qwen3.7-max,qwen3.7-max-FC,multi_turn_base_48,True,9,43704,1966,10.058
qwen3.7-max,qwen3.7-max-FC,multi_turn_base_49,False,12,71744,1396,18.611
qwen3.7-max,qwen3.7-max-FC,multi_turn_base_50,True,2,6976,477,2.862
qwen3.7-max,qwen3.7-max-FC,multi_turn_base_51,False,16,81526,2074,21.794
qwen3.7-max,qwen3.7-max-FC,multi_turn_base_52,True,14,80782,2176,21.437
qwen3.7-max,qwen3.7-max-FC,multi_turn_base_53,True,12,66670,1463,14.261
qwen3.7-max,qwen3.7-max-FC,multi_turn_base_54,True,11,62864,2029,13.607
qwen3.7-max,qwen3.7-max-FC,multi_turn_base_55,True,17,92904,2527,17.794
qwen3.7-max,qwen3.7-max-FC,multi_turn_base_56,False,13,53018,2117,16.979
qwen3.7-max,qwen3.7-max-FC,multi_turn_base_57,True,5,29353,784,6.797
qwen3.7-max,qwen3.7-max-FC,multi_turn_base_58,False,15,89222,2433,20.585
qwen3.7-max,qwen3.7-max-FC,multi_turn_base_59,False,18,116797,2441,26.436
qwen3.7-max,qwen3.7-max-FC,multi_turn_base_60,False,18,98744,2574,18.041
qwen3.7-max,qwen3.7-max-FC,multi_turn_base_61,True,17,91466,4491,21.847
qwen3.7-max,qwen3.7-max-FC,multi_turn_base_62,True,18,96160,3497,21.598
qwen3.7-max,qwen3.7-max-FC,multi_turn_base_63,True,10,49535,1560,12.271
qwen3.7-max,qwen3.7-max-FC,multi_turn_base_64,False,11,43025,1351,17.614
qwen3.7-max,qwen3.7-max-FC,multi_turn_base_65,True,16,99353,2059,16.648
qwen3.7-max,qwen3.7-max-FC,multi_turn_base_66,False,10,38529,1709,17.472
qwen3.7-max,qwen3.7-max-FC,multi_turn_base_67,True,16,78317,1735,21.87
qwen3.7-max,qwen3.7-max-FC,multi_turn_base_68,True,18,108790,3018,25.96
qwen3.7-max,qwen3.7-max-FC,multi_turn_base_69,True,11,62705,1603,13.748
qwen3.7-max,qwen3.7-max-FC,multi_turn_base_70,True,13,54028,1830,22.308
qwen3.7-max,qwen3.7-max-FC,multi_turn_base_71,False,17,66206,1751,21.244
qwen3.7-max,qwen3.7-max-FC,multi_turn_base_72,False,17,84999,2112,19.773
qwen3.7-max,qwen3.7-max-FC,multi_turn_base_73,False,12,48364,1602,17.087
qwen3.7-max,qwen3.7-max-FC,multi_turn_base_74,True,11,68599,1618,17.252
qwen3.7-max,qwen3.7-max-FC,multi_turn_base_75,False,16,95046,2261,18.477
qwen3.7-max,qwen3.7-max-FC,multi_turn_base_76,False,10,56885,1413,11.283
qwen3.7-max,qwen3.7-max-FC,multi_turn_base_77,True,8,44024,1485,8.329
qwen3.7-max,qwen3.7-max-FC,multi_turn_base_78,True,6,32790,1235,7.586
qwen3.7-max,qwen3.7-max-FC,multi_turn_base_79,True,12,45719,1382,16.994
qwen3.7-max,qwen3.7-max-FC,multi_turn_base_80,False,16,103139,2810,22.712
qwen3.7-max,qwen3.7-max-FC,multi_turn_base_81,False,15,97048,2253,19.549
qwen3.7-max,qwen3.7-max-FC,multi_turn_base_82,True,14,57764,2403,16.77
qwen3.7-max,qwen3.7-max-FC,multi_turn_base_83,True,11,41196,1357,14.852
qwen3.7-max,qwen3.7-max-FC,multi_turn_base_84,True,9,35901,1629,13.215
qwen3.7-max,qwen3.7-max-FC,multi_turn_base_85,False,12,46979,1520,13.938
qwen3.7-max,qwen3.7-max-FC,multi_turn_base_86,True,9,52740,2106,10.689
qwen3.7-max,qwen3.7-max-FC,multi_turn_base_87,True,14,57012,2031,15.461
qwen3.7-max,qwen3.7-max-FC,multi_turn_base_88,True,8,44953,1668,8.824
qwen3.7-max,qwen3.7-max-FC,multi_turn_base_89,False,15,62605,2213,19.912
qwen3.7-max,qwen3.7-max-FC,multi_turn_base_90,True,16,95447,2581,18.744
qwen3.7-max,qwen3.7-max-FC,multi_turn_base_91,True,6,27665,922,6.891
qwen3.7-max,qwen3.7-max-FC,multi_turn_base_92,False,17,71133,2437,21.484
qwen3.7-max,qwen3.7-max-FC,multi_turn_base_93,False,12,46914,1588,21.388
qwen3.7-max,qwen3.7-max-FC,multi_turn_base_94,True,14,57542,2105,20.354
qwen3.7-max,qwen3.7-max-FC,multi_turn_base_95,False,16,78721,1984,23.804
qwen3.7-max,qwen3.7-max-FC,multi_turn_base_96,False,12,50816,2471,17.245
qwen3.7-max,qwen3.7-max-FC,multi_turn_base_97,True,19,101319,2579,22.226
qwen3.7-max,qwen3.7-max-FC,multi_turn_base_98,False,15,94271,1702,16.947
qwen3.7-max,qwen3.7-max-FC,multi_turn_base_99,False,15,62497,2661,19.095
qwen3.7-plus,qwen3.7-plus-FC,multi_turn_base_0,True,23,131710,2428,24.551
qwen3.7-plus,qwen3.7-plus-FC,multi_turn_base_1,True,13,49599,2836,11.68
qwen3.7-plus,qwen3.7-plus-FC,multi_turn_base_2,False,28,185361,5937,28.727
qwen3.7-plus,qwen3.7-plus-FC,multi_turn_base_3,True,8,39846,3499,7.882
qwen3.7-plus,qwen3.7-plus-FC,multi_turn_base_4,False,12,64952,2035,12.767
qwen3.7-plus,qwen3.7-plus-FC,multi_turn_base_5,True,19,106494,1951,17.629
qwen3.7-plus,qwen3.7-plus-FC,multi_turn_base_6,False,15,56787,1730,18.909
qwen3.7-plus,qwen3.7-plus-FC,multi_turn_base_7,True,8,41738,1037,9.069
qwen3.7-plus,qwen3.7-plus-FC,multi_turn_base_8,False,10,57210,2688,9.401
qwen3.7-plus,qwen3.7-plus-FC,multi_turn_base_9,False,15,59902,3859,12.357
qwen3.7-plus,qwen3.7-plus-FC,multi_turn_base_10,True,21,81249,1996,22.59
qwen3.7-plus,qwen3.7-plus-FC,multi_turn_base_11,True,6,31621,1190,4.953
qwen3.7-plus,qwen3.7-plus-FC,multi_turn_base_12,True,11,38106,714,10.113
qwen3.7-plus,qwen3.7-plus-FC,multi_turn_base_13,True,7,36357,1032,5.757
qwen3.7-plus,qwen3.7-plus-FC,multi_turn_base_14,True,11,51390,1247,9.375
qwen3.7-plus,qwen3.7-plus-FC,multi_turn_base_15,True,10,60517,2084,14.888
qwen3.7-plus,qwen3.7-plus-FC,multi_turn_base_16,True,20,82130,3883,21.763
qwen3.7-plus,qwen3.7-plus-FC,multi_turn_base_17,True,13,61322,1562,11.851
qwen3.7-plus,qwen3.7-plus-FC,multi_turn_base_18,False,24,151334,3529,29.99
qwen3.7-plus,qwen3.7-plus-FC,multi_turn_base_19,True,9,43703,1834,8.849
qwen3.7-plus,qwen3.7-plus-FC,multi_turn_base_20,True,10,53152,949,9.677
qwen3.7-plus,qwen3.7-plus-FC,multi_turn_base_21,True,8,42255,1076,9.091
qwen3.7-plus,qwen3.7-plus-FC,multi_turn_base_22,True,11,59172,1381,10.401
qwen3.7-plus,qwen3.7-plus-FC,multi_turn_base_23,True,9,43005,927,8.333
qwen3.7-plus,qwen3.7-plus-FC,multi_turn_base_24,True,13,67152,2132,12.213
qwen3.7-plus,qwen3.7-plus-FC,multi_turn_base_25,False,9,31356,1279,7.479
qwen3.7-plus,qwen3.7-plus-FC,multi_turn_base_26,True,12,44823,1568,10.513
qwen3.7-plus,qwen3.7-plus-FC,multi_turn_base_27,True,11,54477,1797,9.723
qwen3.7-plus,qwen3.7-plus-FC,multi_turn_base_28,False,13,77754,1429,12.706
qwen3.7-plus,qwen3.7-plus-FC,multi_turn_base_29,True,7,23738,923,6.006
qwen3.7-plus,qwen3.7-plus-FC,multi_turn_base_30,False,14,77548,1495,14.806
qwen3.7-plus,qwen3.7-plus-FC,multi_turn_base_31,False,9,55489,1771,8.708
qwen3.7-plus,qwen3.7-plus-FC,multi_turn_base_32,True,10,59052,1349,9.155
qwen3.7-plus,qwen3.7-plus-FC,multi_turn_base_33,True,11,49777,1399,10.266
qwen3.7-plus,qwen3.7-plus-FC,multi_turn_base_34,False,10,73430,3615,9.858
qwen3.7-plus,qwen3.7-plus-FC,multi_turn_base_35,True,15,91179,1610,13.95
qwen3.7-plus,qwen3.7-plus-FC,multi_turn_base_36,False,16,102300,2490,15.737
qwen3.7-plus,qwen3.7-plus-FC,multi_turn_base_37,True,13,48638,1567,10.461
qwen3.7-plus,qwen3.7-plus-FC,multi_turn_base_38,True,13,47251,1066,10.867
qwen3.7-plus,qwen3.7-plus-FC,multi_turn_base_39,True,15,57596,2000,14.549
qwen3.7-plus,qwen3.7-plus-FC,multi_turn_base_40,True,15,71137,1675,14.655
qwen3.7-plus,qwen3.7-plus-FC,multi_turn_base_41,True,12,55336,938,11.963
qwen3.7-plus,qwen3.7-plus-FC,multi_turn_base_42,True,11,64813,3052,10.261
qwen3.7-plus,qwen3.7-plus-FC,multi_turn_base_43,True,9,40990,1613,10.071
qwen3.7-plus,qwen3.7-plus-FC,multi_turn_base_44,True,13,79381,1763,11.847
qwen3.7-plus,qwen3.7-plus-FC,multi_turn_base_45,False,8,45938,783,8.163
qwen3.7-plus,qwen3.7-plus-FC,multi_turn_base_46,True,7,31179,596,6.527
qwen3.7-plus,qwen3.7-plus-FC,multi_turn_base_47,True,7,40498,1469,7.183
qwen3.7-plus,qwen3.7-plus-FC,multi_turn_base_48,True,10,50733,2617,8.899
qwen3.7-plus,qwen3.7-plus-FC,multi_turn_base_49,False,13,80580,2448,12.398
qwen3.7-plus,qwen3.7-plus-FC,multi_turn_base_50,True,2,6963,536,2.191
qwen3.7-plus,qwen3.7-plus-FC,multi_turn_base_51,True,14,69156,1716,12.65
qwen3.7-plus,qwen3.7-plus-FC,multi_turn_base_52,True,13,74760,2057,11.746
qwen3.7-plus,qwen3.7-plus-FC,multi_turn_base_53,True,12,67806,1933,12.251
qwen3.7-plus,qwen3.7-plus-FC,multi_turn_base_54,False,7,38809,1420,6.649
qwen3.7-plus,qwen3.7-plus-FC,multi_turn_base_55,True,15,81141,2803,14.334
qwen3.7-plus,qwen3.7-plus-FC,multi_turn_base_56,True,11,43119,1735,11.215
qwen3.7-plus,qwen3.7-plus-FC,multi_turn_base_57,True,5,29513,1042,4.412
qwen3.7-plus,qwen3.7-plus-FC,multi_turn_base_58,True,15,90157,2777,15.097
qwen3.7-plus,qwen3.7-plus-FC,multi_turn_base_59,True,19,123875,2814,19.763
qwen3.7-plus,qwen3.7-plus-FC,multi_turn_base_60,True,14,73908,2012,14.605
qwen3.7-plus,qwen3.7-plus-FC,multi_turn_base_61,False,19,103462,5790,17.16
qwen3.7-plus,qwen3.7-plus-FC,multi_turn_base_62,False,17,96225,6022,16.083
qwen3.7-plus,qwen3.7-plus-FC,multi_turn_base_63,True,11,54965,1715,9.212
qwen3.7-plus,qwen3.7-plus-FC,multi_turn_base_64,True,9,34035,1322,9.303
qwen3.7-plus,qwen3.7-plus-FC,multi_turn_base_65,True,16,100325,2278,15.114
qwen3.7-plus,qwen3.7-plus-FC,multi_turn_base_66,False,11,43739,1853,10.013
qwen3.7-plus,qwen3.7-plus-FC,multi_turn_base_67,True,14,68401,1894,13.013
qwen3.7-plus,qwen3.7-plus-FC,multi_turn_base_68,True,17,101400,2799,15.815
qwen3.7-plus,qwen3.7-plus-FC,multi_turn_base_69,True,11,63311,1770,9.759
qwen3.7-plus,qwen3.7-plus-FC,multi_turn_base_70,True,9,36700,1975,8.303
qwen3.7-plus,qwen3.7-plus-FC,multi_turn_base_71,True,16,63032,2388,14.094
qwen3.7-plus,qwen3.7-plus-FC,multi_turn_base_72,True,16,80720,5387,16.225
qwen3.7-plus,qwen3.7-plus-FC,multi_turn_base_73,True,12,50181,2092,10.545
qwen3.7-plus,qwen3.7-plus-FC,multi_turn_base_74,True,10,64799,2285,8.555
qwen3.7-plus,qwen3.7-plus-FC,multi_turn_base_75,False,13,75528,1820,12.623
qwen3.7-plus,qwen3.7-plus-FC,multi_turn_base_76,True,6,33447,1293,6.083
qwen3.7-plus,qwen3.7-plus-FC,multi_turn_base_77,True,7,38021,1259,6.832
qwen3.7-plus,qwen3.7-plus-FC,multi_turn_base_78,True,6,32659,1153,6.4
qwen3.7-plus,qwen3.7-plus-FC,multi_turn_base_79,True,10,37254,1331,10.095
qwen3.7-plus,qwen3.7-plus-FC,multi_turn_base_80,True,15,94937,2123,14.494
qwen3.7-plus,qwen3.7-plus-FC,multi_turn_base_81,True,14,90043,2321,14.762
qwen3.7-plus,qwen3.7-plus-FC,multi_turn_base_82,True,14,58412,2183,12.314
qwen3.7-plus,qwen3.7-plus-FC,multi_turn_base_83,True,11,42470,1792,10.245
qwen3.7-plus,qwen3.7-plus-FC,multi_turn_base_84,True,7,27782,1753,6.823
qwen3.7-plus,qwen3.7-plus-FC,multi_turn_base_85,True,11,42812,1549,10.754
qwen3.7-plus,qwen3.7-plus-FC,multi_turn_base_86,True,10,59336,2378,8.565
qwen3.7-plus,qwen3.7-plus-FC,multi_turn_base_87,True,12,47508,1893,11.075
qwen3.7-plus,qwen3.7-plus-FC,multi_turn_base_88,True,7,39176,1929,6.325
qwen3.7-plus,qwen3.7-plus-FC,multi_turn_base_89,True,16,66159,2415,14.553
qwen3.7-plus,qwen3.7-plus-FC,multi_turn_base_90,True,15,88950,2312,14.08
qwen3.7-plus,qwen3.7-plus-FC,multi_turn_base_91,True,5,22992,1154,4.679
qwen3.7-plus,qwen3.7-plus-FC,multi_turn_base_92,False,15,60619,2421,12.695
qwen3.7-plus,qwen3.7-plus-FC,multi_turn_base_93,False,9,34549,2347,7.775
qwen3.7-plus,qwen3.7-plus-FC,multi_turn_base_94,True,12,47880,1977,10.639
qwen3.7-plus,qwen3.7-plus-FC,multi_turn_base_95,True,16,78364,2036,14.829
qwen3.7-plus,qwen3.7-plus-FC,multi_turn_base_96,True,10,40944,2476,9.264
qwen3.7-plus,qwen3.7-plus-FC,multi_turn_base_97,True,20,108421,2867,17.775
qwen3.7-plus,qwen3.7-plus-FC,multi_turn_base_98,False,12,76469,2042,12.425
qwen3.7-plus,qwen3.7-plus-FC,multi_turn_base_99,True,13,55172,2949,13.439
qwen3.6-flash,qwen3.6-flash-FC,multi_turn_base_0,False,1,0,0,0
qwen3.6-flash,qwen3.6-flash-FC,multi_turn_base_1,False,1,0,0,0
qwen3.6-flash,qwen3.6-flash-FC,multi_turn_base_2,False,1,0,0,0
qwen3.6-flash,qwen3.6-flash-FC,multi_turn_base_3,False,1,0,0,0
qwen3.6-flash,qwen3.6-flash-FC,multi_turn_base_4,False,1,0,0,0
qwen3.6-flash,qwen3.6-flash-FC,multi_turn_base_5,False,1,0,0,0
qwen3.6-flash,qwen3.6-flash-FC,multi_turn_base_6,False,1,0,0,0
qwen3.6-flash,qwen3.6-flash-FC,multi_turn_base_7,False,1,0,0,0
qwen3.6-flash,qwen3.6-flash-FC,multi_turn_base_8,False,1,0,0,0
qwen3.6-flash,qwen3.6-flash-FC,multi_turn_base_9,False,1,0,0,0
qwen3.6-flash,qwen3.6-flash-FC,multi_turn_base_10,False,1,0,0,0
qwen3.6-flash,qwen3.6-flash-FC,multi_turn_base_11,False,1,0,0,0
qwen3.6-flash,qwen3.6-flash-FC,multi_turn_base_12,False,1,0,0,0
qwen3.6-flash,qwen3.6-flash-FC,multi_turn_base_13,False,1,0,0,0
qwen3.6-flash,qwen3.6-flash-FC,multi_turn_base_14,False,1,0,0,0
qwen3.6-flash,qwen3.6-flash-FC,multi_turn_base_15,False,1,0,0,0
qwen3.6-flash,qwen3.6-flash-FC,multi_turn_base_16,True,19,97432,4950,10.142
qwen3.6-flash,qwen3.6-flash-FC,multi_turn_base_17,True,10,50188,2880,5.648
qwen3.6-flash,qwen3.6-flash-FC,multi_turn_base_18,False,21,148771,2920,13.994
qwen3.6-flash,qwen3.6-flash-FC,multi_turn_base_19,True,12,69615,4171,7.847
qwen3.6-flash,qwen3.6-flash-FC,multi_turn_base_20,True,10,55910,1731,5.619
qwen3.6-flash,qwen3.6-flash-FC,multi_turn_base_21,True,7,38862,2305,3.864
qwen3.6-flash,qwen3.6-flash-FC,multi_turn_base_22,True,11,63228,3328,7.368
qwen3.6-flash,qwen3.6-flash-FC,multi_turn_base_23,True,11,53825,1200,5.781
qwen3.6-flash,qwen3.6-flash-FC,multi_turn_base_24,True,12,60781,1895,6.434
qwen3.6-flash,qwen3.6-flash-FC,multi_turn_base_25,False,9,31263,1558,4.895
qwen3.6-flash,qwen3.6-flash-FC,multi_turn_base_26,True,11,45271,3371,5.504
qwen3.6-flash,qwen3.6-flash-FC,multi_turn_base_27,True,12,62530,2362,6.856
qwen3.6-flash,qwen3.6-flash-FC,multi_turn_base_28,False,11,71546,2836,6.686
qwen3.6-flash,qwen3.6-flash-FC,multi_turn_base_29,True,7,24519,1293,3.684
qwen3.6-flash,qwen3.6-flash-FC,multi_turn_base_30,False,12,73936,3617,8.558
qwen3.6-flash,qwen3.6-flash-FC,multi_turn_base_31,True,12,78705,3508,6.848
qwen3.6-flash,qwen3.6-flash-FC,multi_turn_base_32,True,9,56116,1775,5.763
qwen3.6-flash,qwen3.6-flash-FC,multi_turn_base_33,True,11,51081,2280,5.594
qwen3.6-flash,qwen3.6-flash-FC,multi_turn_base_34,False,9,57039,2239,5.91
qwen3.6-flash,qwen3.6-flash-FC,multi_turn_base_35,True,13,84134,2990,9.03
qwen3.6-flash,qwen3.6-flash-FC,multi_turn_base_36,True,14,89816,3204,7.676
qwen3.6-flash,qwen3.6-flash-FC,multi_turn_base_37,False,13,62249,4705,7.953
qwen3.6-flash,qwen3.6-flash-FC,multi_turn_base_38,True,11,39454,916,5.814
qwen3.6-flash,qwen3.6-flash-FC,multi_turn_base_39,True,15,62006,2787,8.316
qwen3.6-flash,qwen3.6-flash-FC,multi_turn_base_40,True,10,47443,2693,5.369
qwen3.6-flash,qwen3.6-flash-FC,multi_turn_base_41,True,9,42052,1333,4.422
qwen3.6-flash,qwen3.6-flash-FC,multi_turn_base_42,False,12,81708,4463,8.395
qwen3.6-flash,qwen3.6-flash-FC,multi_turn_base_43,True,10,48102,2694,5.995
qwen3.6-flash,qwen3.6-flash-FC,multi_turn_base_44,True,16,108835,3741,11.784
qwen3.6-flash,qwen3.6-flash-FC,multi_turn_base_45,False,6,34071,714,3.706
qwen3.6-flash,qwen3.6-flash-FC,multi_turn_base_46,True,7,33836,943,3.377
qwen3.6-flash,qwen3.6-flash-FC,multi_turn_base_47,True,7,40049,905,4.611
qwen3.6-flash,qwen3.6-flash-FC,multi_turn_base_48,True,11,58669,4483,5.99
qwen3.6-flash,qwen3.6-flash-FC,multi_turn_base_49,False,13,85166,4345,8.701
qwen3.6-flash,qwen3.6-flash-FC,multi_turn_base_50,True,2,7105,564,1.142
qwen3.6-flash,qwen3.6-flash-FC,multi_turn_base_51,True,13,65792,3247,6.858
qwen3.6-flash,qwen3.6-flash-FC,multi_turn_base_52,True,13,76738,2764,7.838
qwen3.6-flash,qwen3.6-flash-FC,multi_turn_base_53,True,12,67630,1858,7.033
qwen3.6-flash,qwen3.6-flash-FC,multi_turn_base_54,True,13,78496,2931,7.371
qwen3.6-flash,qwen3.6-flash-FC,multi_turn_base_55,True,16,85611,2748,8.828
qwen3.6-flash,qwen3.6-flash-FC,multi_turn_base_56,True,12,48173,2273,6.961
qwen3.6-flash,qwen3.6-flash-FC,multi_turn_base_57,True,5,30149,1108,3.473
qwen3.6-flash,qwen3.6-flash-FC,multi_turn_base_58,False,14,80694,2372,8.881
qwen3.6-flash,qwen3.6-flash-FC,multi_turn_base_59,True,16,104090,3827,9.881
qwen3.6-flash,qwen3.6-flash-FC,multi_turn_base_60,True,14,77317,2841,7.766
qwen3.6-flash,qwen3.6-flash-FC,multi_turn_base_61,True,16,88469,6627,10.09
qwen3.6-flash,qwen3.6-flash-FC,multi_turn_base_62,False,15,78961,3183,8.36
qwen3.6-flash,qwen3.6-flash-FC,multi_turn_base_63,True,13,76147,4255,7.823
qwen3.6-flash,qwen3.6-flash-FC,multi_turn_base_64,True,9,34562,1544,5.057
qwen3.6-flash,qwen3.6-flash-FC,multi_turn_base_65,True,11,69110,2640,7.484
qwen3.6-flash,qwen3.6-flash-FC,multi_turn_base_66,False,13,54936,3307,7.015
qwen3.6-flash,qwen3.6-flash-FC,multi_turn_base_67,True,17,87784,3172,11.179
qwen3.6-flash,qwen3.6-flash-FC,multi_turn_base_68,True,17,104180,5702,11.677
qwen3.6-flash,qwen3.6-flash-FC,multi_turn_base_69,False,10,59585,2919,7.083
qwen3.6-flash,qwen3.6-flash-FC,multi_turn_base_70,False,12,53804,2214,6.625
qwen3.6-flash,qwen3.6-flash-FC,multi_turn_base_71,True,16,66981,4132,9.165
qwen3.6-flash,qwen3.6-flash-FC,multi_turn_base_72,False,16,82100,3857,9.361
qwen3.6-flash,qwen3.6-flash-FC,multi_turn_base_73,False,14,68182,4279,7.548
qwen3.6-flash,qwen3.6-flash-FC,multi_turn_base_74,True,13,83928,2053,8.448
qwen3.6-flash,qwen3.6-flash-FC,multi_turn_base_75,False,14,81065,2008,9.284
qwen3.6-flash,qwen3.6-flash-FC,multi_turn_base_76,True,6,34694,2138,3.758
qwen3.6-flash,qwen3.6-flash-FC,multi_turn_base_77,True,8,45807,2033,4.955
qwen3.6-flash,qwen3.6-flash-FC,multi_turn_base_78,True,5,27925,1900,3.07
qwen3.6-flash,qwen3.6-flash-FC,multi_turn_base_79,False,12,50138,1930,6.044
qwen3.6-flash,qwen3.6-flash-FC,multi_turn_base_80,True,15,95067,2891,8.59
qwen3.6-flash,qwen3.6-flash-FC,multi_turn_base_81,True,16,107356,3021,9.807
qwen3.6-flash,qwen3.6-flash-FC,multi_turn_base_82,True,15,64194,2870,7.775
qwen3.6-flash,qwen3.6-flash-FC,multi_turn_base_83,True,11,41739,1588,5.55
qwen3.6-flash,qwen3.6-flash-FC,multi_turn_base_84,True,11,45016,1724,5.427
qwen3.6-flash,qwen3.6-flash-FC,multi_turn_base_85,True,14,66057,3735,7.856
qwen3.6-flash,qwen3.6-flash-FC,multi_turn_base_86,True,9,53834,2896,5.711
qwen3.6-flash,qwen3.6-flash-FC,multi_turn_base_87,True,12,51635,2981,6.628
qwen3.6-flash,qwen3.6-flash-FC,multi_turn_base_88,True,12,77519,4126,8.364
qwen3.6-flash,qwen3.6-flash-FC,multi_turn_base_89,False,14,57418,2693,7.566
qwen3.6-flash,qwen3.6-flash-FC,multi_turn_base_90,True,18,135722,7838,14.078
qwen3.6-flash,qwen3.6-flash-FC,multi_turn_base_91,True,5,22795,870,2.877
qwen3.6-flash,qwen3.6-flash-FC,multi_turn_base_92,False,15,64235,3923,8.248
qwen3.6-flash,qwen3.6-flash-FC,multi_turn_base_93,False,12,46311,1534,6.204
qwen3.6-flash,qwen3.6-flash-FC,multi_turn_base_94,True,11,44201,2390,5.643
qwen3.6-flash,qwen3.6-flash-FC,multi_turn_base_95,True,14,68498,2376,8.851
qwen3.6-flash,qwen3.6-flash-FC,multi_turn_base_96,False,8,36198,3275,4.239
qwen3.6-flash,qwen3.6-flash-FC,multi_turn_base_97,True,18,97484,4466,11.048
qwen3.6-flash,qwen3.6-flash-FC,multi_turn_base_98,True,14,91706,2739,9.092
qwen3.6-flash,qwen3.6-flash-FC,multi_turn_base_99,False,12,50019,2897,6.604
qwen3.5-397b-a17b,qwen3.5-397b-a17b-FC,multi_turn_base_0,False,22,129306,2987,32.94
qwen3.5-397b-a17b,qwen3.5-397b-a17b-FC,multi_turn_base_1,True,9,32195,1358,10.537
qwen3.5-397b-a17b,qwen3.5-397b-a17b-FC,multi_turn_base_2,True,22,118618,2598,31.235
qwen3.5-397b-a17b,qwen3.5-397b-a17b-FC,multi_turn_base_3,True,11,42650,1454,13.859
qwen3.5-397b-a17b,qwen3.5-397b-a17b-FC,multi_turn_base_4,False,10,52687,1179,14.128
qwen3.5-397b-a17b,qwen3.5-397b-a17b-FC,multi_turn_base_5,True,17,95513,1916,37.92
qwen3.5-397b-a17b,qwen3.5-397b-a17b-FC,multi_turn_base_6,True,23,92802,2151,57.152
qwen3.5-397b-a17b,qwen3.5-397b-a17b-FC,multi_turn_base_7,True,6,31072,854,15.609
qwen3.5-397b-a17b,qwen3.5-397b-a17b-FC,multi_turn_base_8,False,9,50915,1878,25.477
qwen3.5-397b-a17b,qwen3.5-397b-a17b-FC,multi_turn_base_9,True,17,68753,2705,45.986
qwen3.5-397b-a17b,qwen3.5-397b-a17b-FC,multi_turn_base_10,False,24,97809,2747,41.922
qwen3.5-397b-a17b,qwen3.5-397b-a17b-FC,multi_turn_base_11,True,6,31186,1033,20.434
qwen3.5-397b-a17b,qwen3.5-397b-a17b-FC,multi_turn_base_12,True,8,27544,849,16.504
qwen3.5-397b-a17b,qwen3.5-397b-a17b-FC,multi_turn_base_13,False,7,36174,845,8.562
qwen3.5-397b-a17b,qwen3.5-397b-a17b-FC,multi_turn_base_14,True,11,51990,1496,15.143
qwen3.5-397b-a17b,qwen3.5-397b-a17b-FC,multi_turn_base_15,False,10,61067,2099,19.068
qwen3.5-397b-a17b,qwen3.5-397b-a17b-FC,multi_turn_base_16,True,12,46504,1903,17.101
qwen3.5-397b-a17b,qwen3.5-397b-a17b-FC,multi_turn_base_17,True,11,51240,1459,24.308
qwen3.5-397b-a17b,qwen3.5-397b-a17b-FC,multi_turn_base_18,False,21,154972,5380,34.94
qwen3.5-397b-a17b,qwen3.5-397b-a17b-FC,multi_turn_base_19,True,9,42225,1492,12.354
qwen3.5-397b-a17b,qwen3.5-397b-a17b-FC,multi_turn_base_20,True,10,53162,1001,17.647
qwen3.5-397b-a17b,qwen3.5-397b-a17b-FC,multi_turn_base_21,True,7,36880,1083,11.402
qwen3.5-397b-a17b,qwen3.5-397b-a17b-FC,multi_turn_base_22,True,11,59561,1656,24.758
qwen3.5-397b-a17b,qwen3.5-397b-a17b-FC,multi_turn_base_23,True,9,43143,989,15.251
qwen3.5-397b-a17b,qwen3.5-397b-a17b-FC,multi_turn_base_24,True,12,60258,1767,20.766
qwen3.5-397b-a17b,qwen3.5-397b-a17b-FC,multi_turn_base_25,False,9,30883,844,10.446
qwen3.5-397b-a17b,qwen3.5-397b-a17b-FC,multi_turn_base_26,True,10,35880,1192,16.724
qwen3.5-397b-a17b,qwen3.5-397b-a17b-FC,multi_turn_base_27,True,12,59602,1540,20.663
qwen3.5-397b-a17b,qwen3.5-397b-a17b-FC,multi_turn_base_28,False,11,65505,1225,17.436
qwen3.5-397b-a17b,qwen3.5-397b-a17b-FC,multi_turn_base_29,True,7,23414,656,12.833
qwen3.5-397b-a17b,qwen3.5-397b-a17b-FC,multi_turn_base_30,False,11,60143,1508,23.007
qwen3.5-397b-a17b,qwen3.5-397b-a17b-FC,multi_turn_base_31,False,7,42589,1397,12.524
qwen3.5-397b-a17b,qwen3.5-397b-a17b-FC,multi_turn_base_32,True,5,28868,853,16.71
qwen3.5-397b-a17b,qwen3.5-397b-a17b-FC,multi_turn_base_33,True,11,49668,1094,22.082
qwen3.5-397b-a17b,qwen3.5-397b-a17b-FC,multi_turn_base_34,True,10,61500,1441,24.026
qwen3.5-397b-a17b,qwen3.5-397b-a17b-FC,multi_turn_base_35,True,16,98240,1762,40.073
qwen3.5-397b-a17b,qwen3.5-397b-a17b-FC,multi_turn_base_36,True,20,126678,2320,45.042
qwen3.5-397b-a17b,qwen3.5-397b-a17b-FC,multi_turn_base_37,True,12,45543,1539,20.188
qwen3.5-397b-a17b,qwen3.5-397b-a17b-FC,multi_turn_base_38,True,11,41013,1116,19.392
qwen3.5-397b-a17b,qwen3.5-397b-a17b-FC,multi_turn_base_39,True,10,37848,1378,26.846
qwen3.5-397b-a17b,qwen3.5-397b-a17b-FC,multi_turn_base_40,True,15,71346,1639,34.496
qwen3.5-397b-a17b,qwen3.5-397b-a17b-FC,multi_turn_base_41,True,10,46600,1018,27.531
qwen3.5-397b-a17b,qwen3.5-397b-a17b-FC,multi_turn_base_42,False,13,77145,1266,22.252
qwen3.5-397b-a17b,qwen3.5-397b-a17b-FC,multi_turn_base_43,True,10,45513,1428,16.387
qwen3.5-397b-a17b,qwen3.5-397b-a17b-FC,multi_turn_base_44,True,12,72763,1439,28.42
qwen3.5-397b-a17b,qwen3.5-397b-a17b-FC,multi_turn_base_45,False,5,28208,624,7.886
qwen3.5-397b-a17b,qwen3.5-397b-a17b-FC,multi_turn_base_46,True,7,31826,747,13.743
qwen3.5-397b-a17b,qwen3.5-397b-a17b-FC,multi_turn_base_47,True,7,40249,986,14.43
qwen3.5-397b-a17b,qwen3.5-397b-a17b-FC,multi_turn_base_48,True,10,48801,1579,17.702
qwen3.5-397b-a17b,qwen3.5-397b-a17b-FC,multi_turn_base_49,False,10,58718,1401,18.69
qwen3.5-397b-a17b,qwen3.5-397b-a17b-FC,multi_turn_base_50,True,2,6959,424,4.46
qwen3.5-397b-a17b,qwen3.5-397b-a17b-FC,multi_turn_base_51,True,15,74552,1919,22.247
qwen3.5-397b-a17b,qwen3.5-397b-a17b-FC,multi_turn_base_52,True,12,69074,2239,20.048
qwen3.5-397b-a17b,qwen3.5-397b-a17b-FC,multi_turn_base_53,False,12,66695,1602,18.861
qwen3.5-397b-a17b,qwen3.5-397b-a17b-FC,multi_turn_base_54,True,11,62928,1852,13.964
qwen3.5-397b-a17b,qwen3.5-397b-a17b-FC,multi_turn_base_55,True,15,80971,2277,24.486
qwen3.5-397b-a17b,qwen3.5-397b-a17b-FC,multi_turn_base_56,False,14,57486,1987,19.799
qwen3.5-397b-a17b,qwen3.5-397b-a17b-FC,multi_turn_base_57,True,5,29496,843,10.937
qwen3.5-397b-a17b,qwen3.5-397b-a17b-FC,multi_turn_base_58,True,16,95770,2388,24.461
qwen3.5-397b-a17b,qwen3.5-397b-a17b-FC,multi_turn_base_59,True,16,102140,2430,21.606
qwen3.5-397b-a17b,qwen3.5-397b-a17b-FC,multi_turn_base_60,True,14,75470,2499,22.844
qwen3.5-397b-a17b,qwen3.5-397b-a17b-FC,multi_turn_base_61,False,17,90204,3650,26.492
qwen3.5-397b-a17b,qwen3.5-397b-a17b-FC,multi_turn_base_62,False,15,76888,3733,36.445
qwen3.5-397b-a17b,qwen3.5-397b-a17b-FC,multi_turn_base_63,True,13,66631,2006,20.208
qwen3.5-397b-a17b,qwen3.5-397b-a17b-FC,multi_turn_base_64,True,10,38489,1416,17.891
qwen3.5-397b-a17b,qwen3.5-397b-a17b-FC,multi_turn_base_65,True,16,102001,2372,26.817
qwen3.5-397b-a17b,qwen3.5-397b-a17b-FC,multi_turn_base_66,False,17,72013,2215,25.501
qwen3.5-397b-a17b,qwen3.5-397b-a17b-FC,multi_turn_base_67,True,18,88892,1713,28.304
qwen3.5-397b-a17b,qwen3.5-397b-a17b-FC,multi_turn_base_68,True,17,99788,2538,33.452
qwen3.5-397b-a17b,qwen3.5-397b-a17b-FC,multi_turn_base_69,True,13,76251,1772,27.151
qwen3.5-397b-a17b,qwen3.5-397b-a17b-FC,multi_turn_base_70,True,10,41173,1895,15.568
qwen3.5-397b-a17b,qwen3.5-397b-a17b-FC,multi_turn_base_71,True,17,66803,1967,29.906
qwen3.5-397b-a17b,qwen3.5-397b-a17b-FC,multi_turn_base_72,False,18,91909,2381,35.188
qwen3.5-397b-a17b,qwen3.5-397b-a17b-FC,multi_turn_base_73,False,11,43396,1640,15.396
qwen3.5-397b-a17b,qwen3.5-397b-a17b-FC,multi_turn_base_74,True,10,62588,1599,14.783
qwen3.5-397b-a17b,qwen3.5-397b-a17b-FC,multi_turn_base_75,False,13,75696,1865,21.28
qwen3.5-397b-a17b,qwen3.5-397b-a17b-FC,multi_turn_base_76,True,6,33176,1224,7.707
qwen3.5-397b-a17b,qwen3.5-397b-a17b-FC,multi_turn_base_77,True,7,37978,1189,12.182
qwen3.5-397b-a17b,qwen3.5-397b-a17b-FC,multi_turn_base_78,True,5,26863,983,12.067
qwen3.5-397b-a17b,qwen3.5-397b-a17b-FC,multi_turn_base_79,True,10,37245,1233,27.764
qwen3.5-397b-a17b,qwen3.5-397b-a17b-FC,multi_turn_base_80,True,17,108311,2264,34.64
qwen3.5-397b-a17b,qwen3.5-397b-a17b-FC,multi_turn_base_81,True,16,103194,2333,29.042
qwen3.5-397b-a17b,qwen3.5-397b-a17b-FC,multi_turn_base_82,True,15,61520,1956,22.86
qwen3.5-397b-a17b,qwen3.5-397b-a17b-FC,multi_turn_base_83,True,13,51087,1781,19.06
qwen3.5-397b-a17b,qwen3.5-397b-a17b-FC,multi_turn_base_84,True,6,23337,1539,9.981
qwen3.5-397b-a17b,qwen3.5-397b-a17b-FC,multi_turn_base_85,True,13,51994,1589,21.211
qwen3.5-397b-a17b,qwen3.5-397b-a17b-FC,multi_turn_base_86,True,8,47127,2221,13.44
qwen3.5-397b-a17b,qwen3.5-397b-a17b-FC,multi_turn_base_87,True,14,57433,1997,17.381
qwen3.5-397b-a17b,qwen3.5-397b-a17b-FC,multi_turn_base_88,True,7,38680,1463,8.638
qwen3.5-397b-a17b,qwen3.5-397b-a17b-FC,multi_turn_base_89,False,22,95533,2288,24.253
qwen3.5-397b-a17b,qwen3.5-397b-a17b-FC,multi_turn_base_90,True,15,88995,2704,21.276
qwen3.5-397b-a17b,qwen3.5-397b-a17b-FC,multi_turn_base_91,True,5,22790,789,6.739
qwen3.5-397b-a17b,qwen3.5-397b-a17b-FC,multi_turn_base_92,False,15,61540,2228,19.81
qwen3.5-397b-a17b,qwen3.5-397b-a17b-FC,multi_turn_base_93,False,12,46782,1690,14.812
qwen3.5-397b-a17b,qwen3.5-397b-a17b-FC,multi_turn_base_94,True,12,48274,1974,13.654
qwen3.5-397b-a17b,qwen3.5-397b-a17b-FC,multi_turn_base_95,True,14,67274,1693,19.9
qwen3.5-397b-a17b,qwen3.5-397b-a17b-FC,multi_turn_base_96,True,9,36325,1855,10.763
qwen3.5-397b-a17b,qwen3.5-397b-a17b-FC,multi_turn_base_97,True,19,100265,2700,26.277
qwen3.5-397b-a17b,qwen3.5-397b-a17b-FC,multi_turn_base_98,True,14,87242,1620,20.458
qwen3.5-397b-a17b,qwen3.5-397b-a17b-FC,multi_turn_base_99,False,12,50323,2440,15.22
qwen3.5-122b-a10b,qwen3.5-122b-a10b-FC,multi_turn_base_0,True,37,234492,3959,31.967
qwen3.5-122b-a10b,qwen3.5-122b-a10b-FC,multi_turn_base_1,True,11,41805,1871,8.532
qwen3.5-122b-a10b,qwen3.5-122b-a10b-FC,multi_turn_base_2,False,26,151260,3472,24.832
qwen3.5-122b-a10b,qwen3.5-122b-a10b-FC,multi_turn_base_3,True,9,33556,1248,7.713
qwen3.5-122b-a10b,qwen3.5-122b-a10b-FC,multi_turn_base_4,False,10,53019,1285,8.799
qwen3.5-122b-a10b,qwen3.5-122b-a10b-FC,multi_turn_base_5,True,18,101010,2027,14.969
qwen3.5-122b-a10b,qwen3.5-122b-a10b-FC,multi_turn_base_6,False,21,83756,2187,15.504
qwen3.5-122b-a10b,qwen3.5-122b-a10b-FC,multi_turn_base_7,True,10,53268,1306,8.228
qwen3.5-122b-a10b,qwen3.5-122b-a10b-FC,multi_turn_base_8,False,9,51838,2187,8.381
qwen3.5-122b-a10b,qwen3.5-122b-a10b-FC,multi_turn_base_9,False,24,104330,3706,23.022
qwen3.5-122b-a10b,qwen3.5-122b-a10b-FC,multi_turn_base_10,False,24,123646,3630,24.81
qwen3.5-122b-a10b,qwen3.5-122b-a10b-FC,multi_turn_base_11,True,8,43913,1356,6.158
qwen3.5-122b-a10b,qwen3.5-122b-a10b-FC,multi_turn_base_12,True,10,34769,873,9.577
qwen3.5-122b-a10b,qwen3.5-122b-a10b-FC,multi_turn_base_13,True,6,30867,747,9.348
qwen3.5-122b-a10b,qwen3.5-122b-a10b-FC,multi_turn_base_14,True,11,51933,1610,16.71
qwen3.5-122b-a10b,qwen3.5-122b-a10b-FC,multi_turn_base_15,False,11,67506,2049,13.089
qwen3.5-122b-a10b,qwen3.5-122b-a10b-FC,multi_turn_base_16,True,17,67029,2026,15.127
qwen3.5-122b-a10b,qwen3.5-122b-a10b-FC,multi_turn_base_17,True,13,60547,1507,10.423
qwen3.5-122b-a10b,qwen3.5-122b-a10b-FC,multi_turn_base_18,False,25,159251,3376,22.186
qwen3.5-122b-a10b,qwen3.5-122b-a10b-FC,multi_turn_base_19,True,13,63314,1725,9.744
qwen3.5-122b-a10b,qwen3.5-122b-a10b-FC,multi_turn_base_20,True,10,53193,1023,7.711
qwen3.5-122b-a10b,qwen3.5-122b-a10b-FC,multi_turn_base_21,True,7,37020,1129,6.225
qwen3.5-122b-a10b,qwen3.5-122b-a10b-FC,multi_turn_base_22,True,13,71490,1755,11.922
qwen3.5-122b-a10b,qwen3.5-122b-a10b-FC,multi_turn_base_23,True,10,48284,1106,9.96
qwen3.5-122b-a10b,qwen3.5-122b-a10b-FC,multi_turn_base_24,True,12,60255,1960,10.446
qwen3.5-122b-a10b,qwen3.5-122b-a10b-FC,multi_turn_base_25,False,10,34706,1089,7.833
qwen3.5-122b-a10b,qwen3.5-122b-a10b-FC,multi_turn_base_26,True,14,52422,1514,11.511
qwen3.5-122b-a10b,qwen3.5-122b-a10b-FC,multi_turn_base_27,True,12,59828,1548,10.688
qwen3.5-122b-a10b,qwen3.5-122b-a10b-FC,multi_turn_base_28,False,11,66548,1684,9.551
qwen3.5-122b-a10b,qwen3.5-122b-a10b-FC,multi_turn_base_29,False,8,27201,729,5.754
qwen3.5-122b-a10b,qwen3.5-122b-a10b-FC,multi_turn_base_30,False,12,65221,1338,8.994
qwen3.5-122b-a10b,qwen3.5-122b-a10b-FC,multi_turn_base_31,False,16,101754,1960,12.727
qwen3.5-122b-a10b,qwen3.5-122b-a10b-FC,multi_turn_base_32,True,7,41465,1099,6.277
qwen3.5-122b-a10b,qwen3.5-122b-a10b-FC,multi_turn_base_33,True,11,49794,1198,8.503
qwen3.5-122b-a10b,qwen3.5-122b-a10b-FC,multi_turn_base_34,True,12,75386,1657,9.564
qwen3.5-122b-a10b,qwen3.5-122b-a10b-FC,multi_turn_base_35,True,13,77918,1463,11.907
qwen3.5-122b-a10b,qwen3.5-122b-a10b-FC,multi_turn_base_36,True,19,119562,2492,16.71
qwen3.5-122b-a10b,qwen3.5-122b-a10b-FC,multi_turn_base_37,False,12,46019,1668,10.4
qwen3.5-122b-a10b,qwen3.5-122b-a10b-FC,multi_turn_base_38,True,9,32064,865,7.258
qwen3.5-122b-a10b,qwen3.5-122b-a10b-FC,multi_turn_base_39,True,21,80152,1464,16.719
qwen3.5-122b-a10b,qwen3.5-122b-a10b-FC,multi_turn_base_40,True,15,72079,1792,13.439
qwen3.5-122b-a10b,qwen3.5-122b-a10b-FC,multi_turn_base_41,True,11,50634,1005,9.244
qwen3.5-122b-a10b,qwen3.5-122b-a10b-FC,multi_turn_base_42,False,11,64299,1022,8.457
qwen3.5-122b-a10b,qwen3.5-122b-a10b-FC,multi_turn_base_43,True,10,45384,1448,8.791
qwen3.5-122b-a10b,qwen3.5-122b-a10b-FC,multi_turn_base_44,True,14,85722,1746,11.844
qwen3.5-122b-a10b,qwen3.5-122b-a10b-FC,multi_turn_base_45,True,5,28534,727,4.184
qwen3.5-122b-a10b,qwen3.5-122b-a10b-FC,multi_turn_base_46,True,8,35943,756,5.804
qwen3.5-122b-a10b,qwen3.5-122b-a10b-FC,multi_turn_base_47,True,10,58797,1082,8.03
qwen3.5-122b-a10b,qwen3.5-122b-a10b-FC,multi_turn_base_48,True,9,43793,1486,7.544
qwen3.5-122b-a10b,qwen3.5-122b-a10b-FC,multi_turn_base_49,False,10,59586,1823,8.27
qwen3.5-122b-a10b,qwen3.5-122b-a10b-FC,multi_turn_base_50,True,2,6968,462,1.423
qwen3.5-122b-a10b,qwen3.5-122b-a10b-FC,multi_turn_base_51,True,14,70299,1947,11.988
qwen3.5-122b-a10b,qwen3.5-122b-a10b-FC,multi_turn_base_52,True,10,57479,1930,8.737
qwen3.5-122b-a10b,qwen3.5-122b-a10b-FC,multi_turn_base_53,True,12,67200,1733,9.631
qwen3.5-122b-a10b,qwen3.5-122b-a10b-FC,multi_turn_base_54,False,6,33014,1542,4.586
qwen3.5-122b-a10b,qwen3.5-122b-a10b-FC,multi_turn_base_55,True,15,81906,2491,16.009
qwen3.5-122b-a10b,qwen3.5-122b-a10b-FC,multi_turn_base_56,False,11,43446,2067,8.482
qwen3.5-122b-a10b,qwen3.5-122b-a10b-FC,multi_turn_base_57,True,5,29450,842,4.223
qwen3.5-122b-a10b,qwen3.5-122b-a10b-FC,multi_turn_base_58,True,13,76359,2325,11.467
qwen3.5-122b-a10b,qwen3.5-122b-a10b-FC,multi_turn_base_59,True,16,101856,2551,13.052
qwen3.5-122b-a10b,qwen3.5-122b-a10b-FC,multi_turn_base_60,True,14,74891,2484,12.433
qwen3.5-122b-a10b,qwen3.5-122b-a10b-FC,multi_turn_base_61,False,16,83746,3220,15.744
qwen3.5-122b-a10b,qwen3.5-122b-a10b-FC,multi_turn_base_62,False,15,75974,2108,13.811
qwen3.5-122b-a10b,qwen3.5-122b-a10b-FC,multi_turn_base_63,False,12,61225,2021,12.723
qwen3.5-122b-a10b,qwen3.5-122b-a10b-FC,multi_turn_base_64,True,9,33939,1348,6.7
qwen3.5-122b-a10b,qwen3.5-122b-a10b-FC,multi_turn_base_65,True,14,83587,1831,13.831
qwen3.5-122b-a10b,qwen3.5-122b-a10b-FC,multi_turn_base_66,False,13,53747,2077,11.218
qwen3.5-122b-a10b,qwen3.5-122b-a10b-FC,multi_turn_base_67,True,15,72431,1530,12.929
qwen3.5-122b-a10b,qwen3.5-122b-a10b-FC,multi_turn_base_68,True,17,100628,2715,14.29
qwen3.5-122b-a10b,qwen3.5-122b-a10b-FC,multi_turn_base_69,True,11,62954,1575,9.303
qwen3.5-122b-a10b,qwen3.5-122b-a10b-FC,multi_turn_base_70,False,11,46281,1914,8.072
qwen3.5-122b-a10b,qwen3.5-122b-a10b-FC,multi_turn_base_71,False,15,59571,2240,13.162
qwen3.5-122b-a10b,qwen3.5-122b-a10b-FC,multi_turn_base_72,False,17,86259,2383,15.802
qwen3.5-122b-a10b,qwen3.5-122b-a10b-FC,multi_turn_base_73,True,11,43976,1792,9.104
qwen3.5-122b-a10b,qwen3.5-122b-a10b-FC,multi_turn_base_74,True,11,68940,1507,10.961
qwen3.5-122b-a10b,qwen3.5-122b-a10b-FC,multi_turn_base_75,False,13,75910,2058,10.892
qwen3.5-122b-a10b,qwen3.5-122b-a10b-FC,multi_turn_base_76,True,6,33217,1242,5.035
qwen3.5-122b-a10b,qwen3.5-122b-a10b-FC,multi_turn_base_77,True,7,37859,1023,5.563
qwen3.5-122b-a10b,qwen3.5-122b-a10b-FC,multi_turn_base_78,True,5,26759,828,3.669
qwen3.5-122b-a10b,qwen3.5-122b-a10b-FC,multi_turn_base_79,True,10,37366,1284,8.997
qwen3.5-122b-a10b,qwen3.5-122b-a10b-FC,multi_turn_base_80,False,12,74689,2396,12.311
qwen3.5-122b-a10b,qwen3.5-122b-a10b-FC,multi_turn_base_81,True,16,102756,2124,17.674
qwen3.5-122b-a10b,qwen3.5-122b-a10b-FC,multi_turn_base_82,False,12,49031,2117,11.876
qwen3.5-122b-a10b,qwen3.5-122b-a10b-FC,multi_turn_base_83,True,11,42189,1519,9.211
qwen3.5-122b-a10b,qwen3.5-122b-a10b-FC,multi_turn_base_84,True,9,36296,1573,9.209
qwen3.5-122b-a10b,qwen3.5-122b-a10b-FC,multi_turn_base_85,False,12,50210,1857,11.088
qwen3.5-122b-a10b,qwen3.5-122b-a10b-FC,multi_turn_base_86,False,7,40486,2083,5.446
qwen3.5-122b-a10b,qwen3.5-122b-a10b-FC,multi_turn_base_87,True,12,47887,2004,10.491
qwen3.5-122b-a10b,qwen3.5-122b-a10b-FC,multi_turn_base_88,True,7,38942,1621,5.156
qwen3.5-122b-a10b,qwen3.5-122b-a10b-FC,multi_turn_base_89,True,15,61083,1995,14.556
qwen3.5-122b-a10b,qwen3.5-122b-a10b-FC,multi_turn_base_90,True,14,82339,2271,11.112
qwen3.5-122b-a10b,qwen3.5-122b-a10b-FC,multi_turn_base_91,True,5,22990,819,4.476
qwen3.5-122b-a10b,qwen3.5-122b-a10b-FC,multi_turn_base_92,False,11,43080,1959,11.632
qwen3.5-122b-a10b,qwen3.5-122b-a10b-FC,multi_turn_base_93,False,6,21324,1006,5.281
qwen3.5-122b-a10b,qwen3.5-122b-a10b-FC,multi_turn_base_94,True,11,42988,1541,14.174
qwen3.5-122b-a10b,qwen3.5-122b-a10b-FC,multi_turn_base_95,True,14,67480,1779,13.97
qwen3.5-122b-a10b,qwen3.5-122b-a10b-FC,multi_turn_base_96,True,9,36896,2084,10.561
qwen3.5-122b-a10b,qwen3.5-122b-a10b-FC,multi_turn_base_97,True,21,113042,2953,18.358
qwen3.5-122b-a10b,qwen3.5-122b-a10b-FC,multi_turn_base_98,True,12,74132,1526,10.659
qwen3.5-122b-a10b,qwen3.5-122b-a10b-FC,multi_turn_base_99,False,12,49649,2237,10.074
qwen3.5-35b-a3b,qwen3.5-35b-a3b-FC,multi_turn_base_0,True,37,235527,4061,22.695
qwen3.5-35b-a3b,qwen3.5-35b-a3b-FC,multi_turn_base_1,True,21,84858,2123,12.018
qwen3.5-35b-a3b,qwen3.5-35b-a3b-FC,multi_turn_base_2,False,35,236291,5133,23.198
qwen3.5-35b-a3b,qwen3.5-35b-a3b-FC,multi_turn_base_3,True,13,56404,2071,7.359
qwen3.5-35b-a3b,qwen3.5-35b-a3b-FC,multi_turn_base_4,False,9,48800,1614,5.123
qwen3.5-35b-a3b,qwen3.5-35b-a3b-FC,multi_turn_base_5,True,17,95330,2118,9.81
qwen3.5-35b-a3b,qwen3.5-35b-a3b-FC,multi_turn_base_6,False,24,98607,2308,14.269
qwen3.5-35b-a3b,qwen3.5-35b-a3b-FC,multi_turn_base_7,True,8,41794,928,9.591
qwen3.5-35b-a3b,qwen3.5-35b-a3b-FC,multi_turn_base_8,False,9,50691,1986,6.135
qwen3.5-35b-a3b,qwen3.5-35b-a3b-FC,multi_turn_base_9,True,23,104609,2820,13.948
qwen3.5-35b-a3b,qwen3.5-35b-a3b-FC,multi_turn_base_10,False,26,106262,2729,15.176
qwen3.5-35b-a3b,qwen3.5-35b-a3b-FC,multi_turn_base_11,False,6,32221,1489,3.717
qwen3.5-35b-a3b,qwen3.5-35b-a3b-FC,multi_turn_base_12,True,10,34631,761,5.2
qwen3.5-35b-a3b,qwen3.5-35b-a3b-FC,multi_turn_base_13,True,9,46902,860,5.061
qwen3.5-35b-a3b,qwen3.5-35b-a3b-FC,multi_turn_base_14,True,11,51561,1464,6.192
qwen3.5-35b-a3b,qwen3.5-35b-a3b-FC,multi_turn_base_15,False,14,87136,2746,7.972
qwen3.5-35b-a3b,qwen3.5-35b-a3b-FC,multi_turn_base_16,False,12,46541,1837,6.711
qwen3.5-35b-a3b,qwen3.5-35b-a3b-FC,multi_turn_base_17,False,11,50408,1468,5.178
qwen3.5-35b-a3b,qwen3.5-35b-a3b-FC,multi_turn_base_18,False,28,170310,2370,18.149
qwen3.5-35b-a3b,qwen3.5-35b-a3b-FC,multi_turn_base_19,True,19,99392,2135,10.418
qwen3.5-35b-a3b,qwen3.5-35b-a3b-FC,multi_turn_base_20,True,10,54116,1318,5.572
qwen3.5-35b-a3b,qwen3.5-35b-a3b-FC,multi_turn_base_21,False,9,49818,1821,5.709
qwen3.5-35b-a3b,qwen3.5-35b-a3b-FC,multi_turn_base_22,True,12,66096,1932,7.913
qwen3.5-35b-a3b,qwen3.5-35b-a3b-FC,multi_turn_base_23,True,9,43162,928,5.241
qwen3.5-35b-a3b,qwen3.5-35b-a3b-FC,multi_turn_base_24,True,12,62199,2285,7.168
qwen3.5-35b-a3b,qwen3.5-35b-a3b-FC,multi_turn_base_25,False,10,34885,923,5.571
qwen3.5-35b-a3b,qwen3.5-35b-a3b-FC,multi_turn_base_26,True,10,36885,1613,5.455
qwen3.5-35b-a3b,qwen3.5-35b-a3b-FC,multi_turn_base_27,True,12,59554,1552,7.317
qwen3.5-35b-a3b,qwen3.5-35b-a3b-FC,multi_turn_base_28,False,11,64854,1138,7.025
qwen3.5-35b-a3b,qwen3.5-35b-a3b-FC,multi_turn_base_29,False,7,23553,757,3.858
qwen3.5-35b-a3b,qwen3.5-35b-a3b-FC,multi_turn_base_30,False,9,47875,1419,5.28
qwen3.5-35b-a3b,qwen3.5-35b-a3b-FC,multi_turn_base_31,False,13,80419,1502,8.45
qwen3.5-35b-a3b,qwen3.5-35b-a3b-FC,multi_turn_base_32,True,8,47900,1047,4.959
qwen3.5-35b-a3b,qwen3.5-35b-a3b-FC,multi_turn_base_33,True,11,49731,1120,6.33
qwen3.5-35b-a3b,qwen3.5-35b-a3b-FC,multi_turn_base_34,True,14,88602,1436,29.981
qwen3.5-35b-a3b,qwen3.5-35b-a3b-FC,multi_turn_base_35,True,17,105138,1883,32.368
qwen3.5-35b-a3b,qwen3.5-35b-a3b-FC,multi_turn_base_36,False,25,174199,3042,37.457
qwen3.5-35b-a3b,qwen3.5-35b-a3b-FC,multi_turn_base_37,False,13,50514,1818,7.134
qwen3.5-35b-a3b,qwen3.5-35b-a3b-FC,multi_turn_base_38,False,7,24121,894,4.631
qwen3.5-35b-a3b,qwen3.5-35b-a3b-FC,multi_turn_base_39,False,19,75486,1800,10.161
qwen3.5-35b-a3b,qwen3.5-35b-a3b-FC,multi_turn_base_40,True,15,71140,1692,9.298
qwen3.5-35b-a3b,qwen3.5-35b-a3b-FC,multi_turn_base_41,False,12,58686,1556,7.442
qwen3.5-35b-a3b,qwen3.5-35b-a3b-FC,multi_turn_base_42,True,13,76248,1064,8.359
qwen3.5-35b-a3b,qwen3.5-35b-a3b-FC,multi_turn_base_43,True,11,50171,1287,6.549
qwen3.5-35b-a3b,qwen3.5-35b-a3b-FC,multi_turn_base_44,True,15,94132,1954,10.266
qwen3.5-35b-a3b,qwen3.5-35b-a3b-FC,multi_turn_base_45,True,5,28478,640,3.224
qwen3.5-35b-a3b,qwen3.5-35b-a3b-FC,multi_turn_base_46,True,7,32289,825,4.007
qwen3.5-35b-a3b,qwen3.5-35b-a3b-FC,multi_turn_base_47,True,8,46223,1033,4.906
qwen3.5-35b-a3b,qwen3.5-35b-a3b-FC,multi_turn_base_48,True,11,55179,2046,7.715
qwen3.5-35b-a3b,qwen3.5-35b-a3b-FC,multi_turn_base_49,False,12,71113,1413,10.243
qwen3.5-35b-a3b,qwen3.5-35b-a3b-FC,multi_turn_base_50,True,2,6944,421,1.49
qwen3.5-35b-a3b,qwen3.5-35b-a3b-FC,multi_turn_base_51,True,15,76321,2244,10.179
qwen3.5-35b-a3b,qwen3.5-35b-a3b-FC,multi_turn_base_52,True,11,62874,1880,9.232
qwen3.5-35b-a3b,qwen3.5-35b-a3b-FC,multi_turn_base_53,True,12,67018,1554,7.076
qwen3.5-35b-a3b,qwen3.5-35b-a3b-FC,multi_turn_base_54,False,12,69031,1890,9.196
qwen3.5-35b-a3b,qwen3.5-35b-a3b-FC,multi_turn_base_55,True,16,85723,2255,9.017
qwen3.5-35b-a3b,qwen3.5-35b-a3b-FC,multi_turn_base_56,True,11,43117,1864,5.905
qwen3.5-35b-a3b,qwen3.5-35b-a3b-FC,multi_turn_base_57,True,5,29233,686,3.234
qwen3.5-35b-a3b,qwen3.5-35b-a3b-FC,multi_turn_base_58,False,14,82506,2131,9.035
qwen3.5-35b-a3b,qwen3.5-35b-a3b-FC,multi_turn_base_59,False,17,108241,2364,13.868
qwen3.5-35b-a3b,qwen3.5-35b-a3b-FC,multi_turn_base_60,True,14,73797,2188,8.395
qwen3.5-35b-a3b,qwen3.5-35b-a3b-FC,multi_turn_base_61,False,16,84090,3583,9.801
qwen3.5-35b-a3b,qwen3.5-35b-a3b-FC,multi_turn_base_62,False,15,76674,2024,9.246
qwen3.5-35b-a3b,qwen3.5-35b-a3b-FC,multi_turn_base_63,False,11,56419,2598,6.594
qwen3.5-35b-a3b,qwen3.5-35b-a3b-FC,multi_turn_base_64,True,10,38179,1346,6.049
qwen3.5-35b-a3b,qwen3.5-35b-a3b-FC,multi_turn_base_65,True,15,90649,1732,9.469
qwen3.5-35b-a3b,qwen3.5-35b-a3b-FC,multi_turn_base_66,False,9,34912,1668,5.243
qwen3.5-35b-a3b,qwen3.5-35b-a3b-FC,multi_turn_base_67,True,16,77919,1618,8.629
qwen3.5-35b-a3b,qwen3.5-35b-a3b-FC,multi_turn_base_68,True,17,101092,2892,10.019
qwen3.5-35b-a3b,qwen3.5-35b-a3b-FC,multi_turn_base_69,True,12,68500,1543,8.458
qwen3.5-35b-a3b,qwen3.5-35b-a3b-FC,multi_turn_base_70,False,9,36389,1753,5.173
qwen3.5-35b-a3b,qwen3.5-35b-a3b-FC,multi_turn_base_71,False,18,73131,2589,10.619
qwen3.5-35b-a3b,qwen3.5-35b-a3b-FC,multi_turn_base_72,False,17,85129,2238,10.437
qwen3.5-35b-a3b,qwen3.5-35b-a3b-FC,multi_turn_base_73,False,9,36198,1961,5.237
qwen3.5-35b-a3b,qwen3.5-35b-a3b-FC,multi_turn_base_74,True,13,81377,1629,8.897
qwen3.5-35b-a3b,qwen3.5-35b-a3b-FC,multi_turn_base_75,False,14,82152,2050,9.198
qwen3.5-35b-a3b,qwen3.5-35b-a3b-FC,multi_turn_base_76,True,6,33044,1168,3.946
qwen3.5-35b-a3b,qwen3.5-35b-a3b-FC,multi_turn_base_77,True,7,38128,1217,4.136
qwen3.5-35b-a3b,qwen3.5-35b-a3b-FC,multi_turn_base_78,True,5,26990,1088,2.886
qwen3.5-35b-a3b,qwen3.5-35b-a3b-FC,multi_turn_base_79,True,10,37566,1263,6.01
qwen3.5-35b-a3b,qwen3.5-35b-a3b-FC,multi_turn_base_80,True,15,96011,2563,9.424
qwen3.5-35b-a3b,qwen3.5-35b-a3b-FC,multi_turn_base_81,True,16,103404,2103,10.293
qwen3.5-35b-a3b,qwen3.5-35b-a3b-FC,multi_turn_base_82,False,14,57845,2176,13.155
qwen3.5-35b-a3b,qwen3.5-35b-a3b-FC,multi_turn_base_83,True,11,41500,1231,7.058
qwen3.5-35b-a3b,qwen3.5-35b-a3b-FC,multi_turn_base_84,True,8,31638,1404,9.768
qwen3.5-35b-a3b,qwen3.5-35b-a3b-FC,multi_turn_base_85,False,11,45658,2310,6.562
qwen3.5-35b-a3b,qwen3.5-35b-a3b-FC,multi_turn_base_86,True,9,52990,2160,5.906
qwen3.5-35b-a3b,qwen3.5-35b-a3b-FC,multi_turn_base_87,True,12,47650,1925,6.577
qwen3.5-35b-a3b,qwen3.5-35b-a3b-FC,multi_turn_base_88,False,8,45063,2118,5.082
qwen3.5-35b-a3b,qwen3.5-35b-a3b-FC,multi_turn_base_89,False,19,79760,2290,10.848
qwen3.5-35b-a3b,qwen3.5-35b-a3b-FC,multi_turn_base_90,True,16,95104,2542,10.27
qwen3.5-35b-a3b,qwen3.5-35b-a3b-FC,multi_turn_base_91,True,5,22855,857,3.101
qwen3.5-35b-a3b,qwen3.5-35b-a3b-FC,multi_turn_base_92,False,17,73077,3172,10.496
qwen3.5-35b-a3b,qwen3.5-35b-a3b-FC,multi_turn_base_93,False,11,42822,1718,6.271
qwen3.5-35b-a3b,qwen3.5-35b-a3b-FC,multi_turn_base_94,True,12,48674,2044,7.013
qwen3.5-35b-a3b,qwen3.5-35b-a3b-FC,multi_turn_base_95,True,14,67360,1660,9.993
qwen3.5-35b-a3b,qwen3.5-35b-a3b-FC,multi_turn_base_96,True,15,64980,2733,10.185
qwen3.5-35b-a3b,qwen3.5-35b-a3b-FC,multi_turn_base_97,False,20,107653,2737,12.373
qwen3.5-35b-a3b,qwen3.5-35b-a3b-FC,multi_turn_base_98,True,12,74556,1758,8.819
qwen3.5-35b-a3b,qwen3.5-35b-a3b-FC,multi_turn_base_99,False,12,49349,2535,7.042
qwen3.5-27b,qwen3.5-27b-FC,multi_turn_base_0,False,15,82694,1827,31.042
qwen3.5-27b,qwen3.5-27b-FC,multi_turn_base_1,True,12,43577,1398,17.47
qwen3.5-27b,qwen3.5-27b-FC,multi_turn_base_2,False,37,229743,3854,88.516
qwen3.5-27b,qwen3.5-27b-FC,multi_turn_base_3,True,11,42946,1459,19.327
qwen3.5-27b,qwen3.5-27b-FC,multi_turn_base_4,False,11,58465,1318,20.426
qwen3.5-27b,qwen3.5-27b-FC,multi_turn_base_5,True,13,70902,1506,25.523
qwen3.5-27b,qwen3.5-27b-FC,multi_turn_base_6,False,12,44094,1236,17.731
qwen3.5-27b,qwen3.5-27b-FC,multi_turn_base_7,True,8,41554,854,11.618
qwen3.5-27b,qwen3.5-27b-FC,multi_turn_base_8,False,9,51677,2003,19.056
qwen3.5-27b,qwen3.5-27b-FC,multi_turn_base_9,False,20,87483,3413,30.839
qwen3.5-27b,qwen3.5-27b-FC,multi_turn_base_10,False,23,121173,4241,36.524
qwen3.5-27b,qwen3.5-27b-FC,multi_turn_base_11,False,6,31051,773,7.208
qwen3.5-27b,qwen3.5-27b-FC,multi_turn_base_12,True,10,34873,787,19.279
qwen3.5-27b,qwen3.5-27b-FC,multi_turn_base_13,True,7,35994,787,10.262
qwen3.5-27b,qwen3.5-27b-FC,multi_turn_base_14,True,9,42047,1455,15.982
qwen3.5-27b,qwen3.5-27b-FC,multi_turn_base_15,False,11,67231,2126,21.224
qwen3.5-27b,qwen3.5-27b-FC,multi_turn_base_16,True,21,88478,2452,37.546
qwen3.5-27b,qwen3.5-27b-FC,multi_turn_base_17,True,11,51115,1517,13.403
qwen3.5-27b,qwen3.5-27b-FC,multi_turn_base_18,False,16,92057,2640,30.126
qwen3.5-27b,qwen3.5-27b-FC,multi_turn_base_19,True,10,47930,1501,12.254
qwen3.5-27b,qwen3.5-27b-FC,multi_turn_base_20,True,10,53135,1003,17.029
qwen3.5-27b,qwen3.5-27b-FC,multi_turn_base_21,True,7,36760,1037,13.552
qwen3.5-27b,qwen3.5-27b-FC,multi_turn_base_22,True,13,70909,1614,20.385
qwen3.5-27b,qwen3.5-27b-FC,multi_turn_base_23,True,9,43089,939,12.659
qwen3.5-27b,qwen3.5-27b-FC,multi_turn_base_24,True,16,84481,2119,23.68
qwen3.5-27b,qwen3.5-27b-FC,multi_turn_base_25,False,10,34629,865,12.79
qwen3.5-27b,qwen3.5-27b-FC,multi_turn_base_26,True,13,47821,1309,16.199
qwen3.5-27b,qwen3.5-27b-FC,multi_turn_base_27,True,12,58984,1245,14.829
qwen3.5-27b,qwen3.5-27b-FC,multi_turn_base_28,False,11,65609,1202,17.831
qwen3.5-27b,qwen3.5-27b-FC,multi_turn_base_29,True,6,19986,557,10.683
qwen3.5-27b,qwen3.5-27b-FC,multi_turn_base_30,False,8,42275,1021,11.809
qwen3.5-27b,qwen3.5-27b-FC,multi_turn_base_31,True,11,67862,1557,16.161
qwen3.5-27b,qwen3.5-27b-FC,multi_turn_base_32,True,8,47336,869,10.656
qwen3.5-27b,qwen3.5-27b-FC,multi_turn_base_33,True,11,49609,1134,16.259
qwen3.5-27b,qwen3.5-27b-FC,multi_turn_base_34,True,10,61462,1458,13.209
qwen3.5-27b,qwen3.5-27b-FC,multi_turn_base_35,True,13,77789,1449,18.832
qwen3.5-27b,qwen3.5-27b-FC,multi_turn_base_36,True,19,120425,2215,27.462
qwen3.5-27b,qwen3.5-27b-FC,multi_turn_base_37,True,14,52949,1671,19.305
qwen3.5-27b,qwen3.5-27b-FC,multi_turn_base_38,True,9,32371,942,12.195
qwen3.5-27b,qwen3.5-27b-FC,multi_turn_base_39,True,13,49431,1411,19.709
qwen3.5-27b,qwen3.5-27b-FC,multi_turn_base_40,True,15,70977,1477,27.165
qwen3.5-27b,qwen3.5-27b-FC,multi_turn_base_41,False,11,50809,902,19.335
qwen3.5-27b,qwen3.5-27b-FC,multi_turn_base_42,True,12,70377,1052,14.092
qwen3.5-27b,qwen3.5-27b-FC,multi_turn_base_43,True,10,45080,1134,13.06
qwen3.5-27b,qwen3.5-27b-FC,multi_turn_base_44,True,12,72403,1326,21.957
qwen3.5-27b,qwen3.5-27b-FC,multi_turn_base_45,False,8,46179,884,12.026
qwen3.5-27b,qwen3.5-27b-FC,multi_turn_base_46,True,8,35900,630,11.638
qwen3.5-27b,qwen3.5-27b-FC,multi_turn_base_47,True,9,52208,945,12.929
qwen3.5-27b,qwen3.5-27b-FC,multi_turn_base_48,True,9,44152,1545,14.326
qwen3.5-27b,qwen3.5-27b-FC,multi_turn_base_49,False,13,80762,2129,18.086
qwen3.5-27b,qwen3.5-27b-FC,multi_turn_base_50,True,2,6974,524,3.441
qwen3.5-27b,qwen3.5-27b-FC,multi_turn_base_51,True,15,76098,2196,23.02
qwen3.5-27b,qwen3.5-27b-FC,multi_turn_base_52,True,11,62060,1729,21.275
qwen3.5-27b,qwen3.5-27b-FC,multi_turn_base_53,True,14,78623,1611,23.53
qwen3.5-27b,qwen3.5-27b-FC,multi_turn_base_54,True,13,75319,1860,20.373
qwen3.5-27b,qwen3.5-27b-FC,multi_turn_base_55,True,15,80708,2291,20.635
qwen3.5-27b,qwen3.5-27b-FC,multi_turn_base_56,True,11,42847,1636,17.353
qwen3.5-27b,qwen3.5-27b-FC,multi_turn_base_57,True,5,29396,794,7.793
qwen3.5-27b,qwen3.5-27b-FC,multi_turn_base_58,True,13,76152,2117,20.526
qwen3.5-27b,qwen3.5-27b-FC,multi_turn_base_59,True,18,115556,2325,23.888
qwen3.5-27b,qwen3.5-27b-FC,multi_turn_base_60,True,14,73964,2056,17.621
qwen3.5-27b,qwen3.5-27b-FC,multi_turn_base_61,False,18,94964,3520,25.623
qwen3.5-27b,qwen3.5-27b-FC,multi_turn_base_62,False,18,94127,2312,26.341
qwen3.5-27b,qwen3.5-27b-FC,multi_turn_base_63,True,11,55201,1853,14.601
qwen3.5-27b,qwen3.5-27b-FC,multi_turn_base_64,True,10,38366,1452,16.027
qwen3.5-27b,qwen3.5-27b-FC,multi_turn_base_65,True,14,86826,2126,20.546
qwen3.5-27b,qwen3.5-27b-FC,multi_turn_base_66,False,11,43590,1633,15.05
qwen3.5-27b,qwen3.5-27b-FC,multi_turn_base_67,True,15,72835,1588,18.457
qwen3.5-27b,qwen3.5-27b-FC,multi_turn_base_68,True,18,107685,3021,27.521
qwen3.5-27b,qwen3.5-27b-FC,multi_turn_base_69,True,12,68200,1383,19.769
qwen3.5-27b,qwen3.5-27b-FC,multi_turn_base_70,True,10,40920,1799,13.887
qwen3.5-27b,qwen3.5-27b-FC,multi_turn_base_71,False,18,71001,1842,25.215
qwen3.5-27b,qwen3.5-27b-FC,multi_turn_base_72,False,17,85200,2167,23.582
qwen3.5-27b,qwen3.5-27b-FC,multi_turn_base_73,False,18,74762,2210,26.749
qwen3.5-27b,qwen3.5-27b-FC,multi_turn_base_74,True,15,95864,1648,22.345
qwen3.5-27b,qwen3.5-27b-FC,multi_turn_base_75,False,14,82268,1903,21.261
qwen3.5-27b,qwen3.5-27b-FC,multi_turn_base_76,True,6,33163,1218,9.152
qwen3.5-27b,qwen3.5-27b-FC,multi_turn_base_77,True,7,38007,1008,11.106
qwen3.5-27b,qwen3.5-27b-FC,multi_turn_base_78,True,5,26851,926,9.256
qwen3.5-27b,qwen3.5-27b-FC,multi_turn_base_79,True,10,37464,1332,15.242
qwen3.5-27b,qwen3.5-27b-FC,multi_turn_base_80,True,14,89208,2452,19.278
qwen3.5-27b,qwen3.5-27b-FC,multi_turn_base_81,True,15,95688,1981,21.221
qwen3.5-27b,qwen3.5-27b-FC,multi_turn_base_82,True,17,71082,1957,22.697
qwen3.5-27b,qwen3.5-27b-FC,multi_turn_base_83,True,13,50912,1619,18.228
qwen3.5-27b,qwen3.5-27b-FC,multi_turn_base_84,True,8,32379,1773,12.27
qwen3.5-27b,qwen3.5-27b-FC,multi_turn_base_85,False,8,30741,1309,13.317
qwen3.5-27b,qwen3.5-27b-FC,multi_turn_base_86,True,9,52875,1981,14.44
qwen3.5-27b,qwen3.5-27b-FC,multi_turn_base_87,True,12,48152,1911,15.07
qwen3.5-27b,qwen3.5-27b-FC,multi_turn_base_88,True,9,51298,1960,15.072
qwen3.5-27b,qwen3.5-27b-FC,multi_turn_base_89,False,14,57552,1985,20.37
qwen3.5-27b,qwen3.5-27b-FC,multi_turn_base_90,True,16,93835,2353,21.914
qwen3.5-27b,qwen3.5-27b-FC,multi_turn_base_91,True,5,22843,797,5.719
qwen3.5-27b,qwen3.5-27b-FC,multi_turn_base_92,False,15,62977,2565,24.175
qwen3.5-27b,qwen3.5-27b-FC,multi_turn_base_93,False,10,38256,1354,13.374
qwen3.5-27b,qwen3.5-27b-FC,multi_turn_base_94,True,12,47832,1660,15.973
qwen3.5-27b,qwen3.5-27b-FC,multi_turn_base_95,True,14,67090,1609,19.224
qwen3.5-27b,qwen3.5-27b-FC,multi_turn_base_96,True,9,36107,2138,12.738
qwen3.5-27b,qwen3.5-27b-FC,multi_turn_base_97,True,19,98937,2309,25.102
qwen3.5-27b,qwen3.5-27b-FC,multi_turn_base_98,True,11,67576,1449,15.265
qwen3.5-27b,qwen3.5-27b-FC,multi_turn_base_99,False,12,48849,2376,18.276
qwen3-32b,qwen3-32b-FC,multi_turn_base_0,False,9,44533,227,7.692
qwen3-32b,qwen3-32b-FC,multi_turn_base_1,False,11,35654,358,7.457
qwen3-32b,qwen3-32b-FC,multi_turn_base_2,False,14,64040,414,12.227
qwen3-32b,qwen3-32b-FC,multi_turn_base_3,False,5,15916,283,2.705
qwen3-32b,qwen3-32b-FC,multi_turn_base_4,False,6,29367,280,9.279
qwen3-32b,qwen3-32b-FC,multi_turn_base_5,False,16,82320,473,10.618
qwen3-32b,qwen3-32b-FC,multi_turn_base_6,False,12,40688,481,8.213
qwen3-32b,qwen3-32b-FC,multi_turn_base_7,True,7,34284,192,4.792
qwen3-32b,qwen3-32b-FC,multi_turn_base_8,False,9,47180,617,7.304
qwen3-32b,qwen3-32b-FC,multi_turn_base_9,False,7,22202,333,4.877
qwen3-32b,qwen3-32b-FC,multi_turn_base_10,False,12,40144,441,7.452
qwen3-32b,qwen3-32b-FC,multi_turn_base_11,False,4,19320,141,2.767
qwen3-32b,qwen3-32b-FC,multi_turn_base_12,True,7,22025,145,6.507
qwen3-32b,qwen3-32b-FC,multi_turn_base_13,False,6,29217,153,4.13
qwen3-32b,qwen3-32b-FC,multi_turn_base_14,True,11,47770,336,8.738
qwen3-32b,qwen3-32b-FC,multi_turn_base_15,False,10,56201,420,8.026
qwen3-32b,qwen3-32b-FC,multi_turn_base_16,False,14,47578,446,11.163
qwen3-32b,qwen3-32b-FC,multi_turn_base_17,False,9,37838,267,7.413
qwen3-32b,qwen3-32b-FC,multi_turn_base_18,False,6,29699,273,7.221
qwen3-32b,qwen3-32b-FC,multi_turn_base_19,False,8,33309,249,5.251
qwen3-32b,qwen3-32b-FC,multi_turn_base_20,True,9,44617,254,9.436
qwen3-32b,qwen3-32b-FC,multi_turn_base_21,True,7,34883,296,4.754
qwen3-32b,qwen3-32b-FC,multi_turn_base_22,False,10,50933,423,9.419
qwen3-32b,qwen3-32b-FC,multi_turn_base_23,True,7,30751,210,7.238
qwen3-32b,qwen3-32b-FC,multi_turn_base_24,False,9,40768,399,5.798
qwen3-32b,qwen3-32b-FC,multi_turn_base_25,False,9,28893,222,5.545
qwen3-32b,qwen3-32b-FC,multi_turn_base_26,True,6,19125,225,3.629
qwen3-32b,qwen3-32b-FC,multi_turn_base_27,False,7,31507,302,5.7
qwen3-32b,qwen3-32b-FC,multi_turn_base_28,False,10,55200,300,6.658
qwen3-32b,qwen3-32b-FC,multi_turn_base_29,True,7,22182,207,3.885
qwen3-32b,qwen3-32b-FC,multi_turn_base_30,False,9,44560,347,6.386
qwen3-32b,qwen3-32b-FC,multi_turn_base_31,False,11,61969,382,8.109
qwen3-32b,qwen3-32b-FC,multi_turn_base_32,True,5,27453,258,3.323
qwen3-32b,qwen3-32b-FC,multi_turn_base_33,True,11,46914,270,8.795
qwen3-32b,qwen3-32b-FC,multi_turn_base_34,True,9,50698,307,6.609
qwen3-32b,qwen3-32b-FC,multi_turn_base_35,False,7,38269,210,5.219
qwen3-32b,qwen3-32b-FC,multi_turn_base_36,False,6,32579,216,4.385
qwen3-32b,qwen3-32b-FC,multi_turn_base_37,False,9,29935,361,5.707
qwen3-32b,qwen3-32b-FC,multi_turn_base_38,False,6,18795,149,3.991
qwen3-32b,qwen3-32b-FC,multi_turn_base_39,True,14,46262,346,10.105
qwen3-32b,qwen3-32b-FC,multi_turn_base_40,False,10,42469,307,6.753
qwen3-32b,qwen3-32b-FC,multi_turn_base_41,False,6,24896,180,4.069
qwen3-32b,qwen3-32b-FC,multi_turn_base_42,False,8,43909,238,5.967
qwen3-32b,qwen3-32b-FC,multi_turn_base_43,True,11,46708,359,7.596
qwen3-32b,qwen3-32b-FC,multi_turn_base_44,False,9,50697,418,6.425
qwen3-32b,qwen3-32b-FC,multi_turn_base_45,True,9,49586,289,6.055
qwen3-32b,qwen3-32b-FC,multi_turn_base_46,True,8,33065,177,5.497
qwen3-32b,qwen3-32b-FC,multi_turn_base_47,False,6,32631,243,4.072
qwen3-32b,qwen3-32b-FC,multi_turn_base_48,False,10,45479,426,7.705
qwen3-32b,qwen3-32b-FC,multi_turn_base_49,False,9,50207,268,7.08
qwen3-32b,qwen3-32b-FC,multi_turn_base_50,True,2,6445,88,1.37
qwen3-32b,qwen3-32b-FC,multi_turn_base_51,False,8,35170,333,8.871
qwen3-32b,qwen3-32b-FC,multi_turn_base_52,False,10,52542,450,10.604
qwen3-32b,qwen3-32b-FC,multi_turn_base_53,False,12,62963,457,10.611
qwen3-32b,qwen3-32b-FC,multi_turn_base_54,False,11,58084,368,8.352
qwen3-32b,qwen3-32b-FC,multi_turn_base_55,True,16,78011,586,14.021
qwen3-32b,qwen3-32b-FC,multi_turn_base_56,False,11,37699,385,9.094
qwen3-32b,qwen3-32b-FC,multi_turn_base_57,True,6,33400,201,5.78
qwen3-32b,qwen3-32b-FC,multi_turn_base_58,False,9,46442,358,6.382
qwen3-32b,qwen3-32b-FC,multi_turn_base_59,False,12,68661,358,15.745
qwen3-32b,qwen3-32b-FC,multi_turn_base_60,False,10,47283,318,9.089
qwen3-32b,qwen3-32b-FC,multi_turn_base_61,False,15,68199,536,12.494
qwen3-32b,qwen3-32b-FC,multi_turn_base_62,False,8,34829,244,5.787
qwen3-32b,qwen3-32b-FC,multi_turn_base_63,False,6,26289,301,5.138
qwen3-32b,qwen3-32b-FC,multi_turn_base_64,True,8,26936,416,5.544
qwen3-32b,qwen3-32b-FC,multi_turn_base_65,True,13,70073,368,11.538
qwen3-32b,qwen3-32b-FC,multi_turn_base_66,False,9,31740,379,6.131
qwen3-32b,qwen3-32b-FC,multi_turn_base_67,False,8,34446,290,4.958
qwen3-32b,qwen3-32b-FC,multi_turn_base_68,False,11,58378,596,7.997
qwen3-32b,qwen3-32b-FC,multi_turn_base_69,False,13,68009,411,10.562
qwen3-32b,qwen3-32b-FC,multi_turn_base_70,False,12,42135,348,15.702
qwen3-32b,qwen3-32b-FC,multi_turn_base_71,False,14,48218,358,10.147
qwen3-32b,qwen3-32b-FC,multi_turn_base_72,False,11,49015,431,8.938
qwen3-32b,qwen3-32b-FC,multi_turn_base_73,False,6,20324,284,6.653
qwen3-32b,qwen3-32b-FC,multi_turn_base_74,False,9,51013,291,7.986
qwen3-32b,qwen3-32b-FC,multi_turn_base_75,False,8,41541,312,5.843
qwen3-32b,qwen3-32b-FC,multi_turn_base_76,False,4,20349,303,3.289
qwen3-32b,qwen3-32b-FC,multi_turn_base_77,False,6,30635,307,4.53
qwen3-32b,qwen3-32b-FC,multi_turn_base_78,False,4,20220,215,6.622
qwen3-32b,qwen3-32b-FC,multi_turn_base_79,False,6,19777,183,4.095
qwen3-32b,qwen3-32b-FC,multi_turn_base_80,False,15,87121,487,14.435
qwen3-32b,qwen3-32b-FC,multi_turn_base_81,True,14,82662,537,17.379
qwen3-32b,qwen3-32b-FC,multi_turn_base_82,False,11,38916,345,14.215
qwen3-32b,qwen3-32b-FC,multi_turn_base_83,False,7,23441,274,9.204
qwen3-32b,qwen3-32b-FC,multi_turn_base_84,False,4,13559,240,3.247
qwen3-32b,qwen3-32b-FC,multi_turn_base_85,False,7,23096,230,5.658
qwen3-32b,qwen3-32b-FC,multi_turn_base_86,False,6,31846,439,4.088
qwen3-32b,qwen3-32b-FC,multi_turn_base_87,False,8,27531,367,5.454
qwen3-32b,qwen3-32b-FC,multi_turn_base_88,False,7,36231,370,10.369
qwen3-32b,qwen3-32b-FC,multi_turn_base_89,False,11,37436,342,10.718
qwen3-32b,qwen3-32b-FC,multi_turn_base_90,False,16,85874,566,13.446
qwen3-32b,qwen3-32b-FC,multi_turn_base_91,True,6,25733,252,6.013
qwen3-32b,qwen3-32b-FC,multi_turn_base_92,False,16,58031,739,19.008
qwen3-32b,qwen3-32b-FC,multi_turn_base_93,False,12,41217,359,12.192
qwen3-32b,qwen3-32b-FC,multi_turn_base_94,True,11,38795,376,9.16
qwen3-32b,qwen3-32b-FC,multi_turn_base_95,False,9,38951,265,6.343
qwen3-32b,qwen3-32b-FC,multi_turn_base_96,False,5,16972,278,3.965
qwen3-32b,qwen3-32b-FC,multi_turn_base_97,False,11,49639,390,15.759
qwen3-32b,qwen3-32b-FC,multi_turn_base_98,False,8,45094,216,6.432
qwen3-32b,qwen3-32b-FC,multi_turn_base_99,False,13,46250,513,10.146
qwen3-235b-instruct,qwen3-235b-a22b-instruct-2507-FC,multi_turn_base_0,False,39,219452,1440,32.733
qwen3-235b-instruct,qwen3-235b-a22b-instruct-2507-FC,multi_turn_base_1,True,13,42773,354,10.473
qwen3-235b-instruct,qwen3-235b-a22b-instruct-2507-FC,multi_turn_base_2,False,22,105267,611,20.298
qwen3-235b-instruct,qwen3-235b-a22b-instruct-2507-FC,multi_turn_base_3,True,4,12622,248,2.932
qwen3-235b-instruct,qwen3-235b-a22b-instruct-2507-FC,multi_turn_base_4,False,8,39526,384,5.747
qwen3-235b-instruct,qwen3-235b-a22b-instruct-2507-FC,multi_turn_base_5,True,12,60615,367,8.702
qwen3-235b-instruct,qwen3-235b-a22b-instruct-2507-FC,multi_turn_base_6,False,12,41047,486,8.902
qwen3-235b-instruct,qwen3-235b-a22b-instruct-2507-FC,multi_turn_base_7,True,8,39252,207,6.035
qwen3-235b-instruct,qwen3-235b-a22b-instruct-2507-FC,multi_turn_base_8,True,9,47343,687,7.181
qwen3-235b-instruct,qwen3-235b-a22b-instruct-2507-FC,multi_turn_base_9,False,16,54624,540,13.36
qwen3-235b-instruct,qwen3-235b-a22b-instruct-2507-FC,multi_turn_base_10,False,13,43588,482,9.335
qwen3-235b-instruct,qwen3-235b-a22b-instruct-2507-FC,multi_turn_base_11,False,6,29405,237,3.738
qwen3-235b-instruct,qwen3-235b-a22b-instruct-2507-FC,multi_turn_base_12,True,6,18916,146,4.189
qwen3-235b-instruct,qwen3-235b-a22b-instruct-2507-FC,multi_turn_base_13,True,7,34204,209,5.271
qwen3-235b-instruct,qwen3-235b-a22b-instruct-2507-FC,multi_turn_base_14,True,11,48262,444,9.722
qwen3-235b-instruct,qwen3-235b-a22b-instruct-2507-FC,multi_turn_base_15,True,10,56757,543,7.951
qwen3-235b-instruct,qwen3-235b-a22b-instruct-2507-FC,multi_turn_base_16,True,6,19761,264,4.326
qwen3-235b-instruct,qwen3-235b-a22b-instruct-2507-FC,multi_turn_base_17,False,9,38228,447,7.309
qwen3-235b-instruct,qwen3-235b-a22b-instruct-2507-FC,multi_turn_base_18,False,10,50379,387,8.535
qwen3-235b-instruct,qwen3-235b-a22b-instruct-2507-FC,multi_turn_base_19,False,13,55672,357,10.636
qwen3-235b-instruct,qwen3-235b-a22b-instruct-2507-FC,multi_turn_base_20,True,9,44570,285,7.405
qwen3-235b-instruct,qwen3-235b-a22b-instruct-2507-FC,multi_turn_base_21,True,7,34861,336,5.45
qwen3-235b-instruct,qwen3-235b-a22b-instruct-2507-FC,multi_turn_base_22,True,11,55887,441,8.612
qwen3-235b-instruct,qwen3-235b-a22b-instruct-2507-FC,multi_turn_base_23,True,7,30689,204,5.404
qwen3-235b-instruct,qwen3-235b-a22b-instruct-2507-FC,multi_turn_base_24,True,11,50045,394,8.368
qwen3-235b-instruct,qwen3-235b-a22b-instruct-2507-FC,multi_turn_base_25,False,9,28931,259,6.598
qwen3-235b-instruct,qwen3-235b-a22b-instruct-2507-FC,multi_turn_base_26,False,4,12378,210,2.253
qwen3-235b-instruct,qwen3-235b-a22b-instruct-2507-FC,multi_turn_base_27,False,8,36154,399,5.606
qwen3-235b-instruct,qwen3-235b-a22b-instruct-2507-FC,multi_turn_base_28,False,10,55163,305,8.283
qwen3-235b-instruct,qwen3-235b-a22b-instruct-2507-FC,multi_turn_base_29,True,6,18792,157,4.134
qwen3-235b-instruct,qwen3-235b-a22b-instruct-2507-FC,multi_turn_base_30,False,11,54724,332,8.812
qwen3-235b-instruct,qwen3-235b-a22b-instruct-2507-FC,multi_turn_base_31,False,7,39774,354,5.799
qwen3-235b-instruct,qwen3-235b-a22b-instruct-2507-FC,multi_turn_base_32,True,7,38607,249,5.341
qwen3-235b-instruct,qwen3-235b-a22b-instruct-2507-FC,multi_turn_base_33,False,12,51651,370,10.175
qwen3-235b-instruct,qwen3-235b-a22b-instruct-2507-FC,multi_turn_base_34,False,8,45398,309,6.218
qwen3-235b-instruct,qwen3-235b-a22b-instruct-2507-FC,multi_turn_base_35,True,13,72705,325,10.765
qwen3-235b-instruct,qwen3-235b-a22b-instruct-2507-FC,multi_turn_base_36,True,11,60460,268,9.141
qwen3-235b-instruct,qwen3-235b-a22b-instruct-2507-FC,multi_turn_base_37,False,10,33667,433,7.245
qwen3-235b-instruct,qwen3-235b-a22b-instruct-2507-FC,multi_turn_base_38,False,6,18716,163,3.83
qwen3-235b-instruct,qwen3-235b-a22b-instruct-2507-FC,multi_turn_base_39,True,15,50060,390,10.968
qwen3-235b-instruct,qwen3-235b-a22b-instruct-2507-FC,multi_turn_base_40,True,10,42370,286,8.179
qwen3-235b-instruct,qwen3-235b-a22b-instruct-2507-FC,multi_turn_base_41,False,10,41879,257,7.355
qwen3-235b-instruct,qwen3-235b-a22b-instruct-2507-FC,multi_turn_base_42,False,11,60705,404,8.197
qwen3-235b-instruct,qwen3-235b-a22b-instruct-2507-FC,multi_turn_base_43,False,10,42298,342,6.912
qwen3-235b-instruct,qwen3-235b-a22b-instruct-2507-FC,multi_turn_base_44,True,12,67707,388,9.283
qwen3-235b-instruct,qwen3-235b-a22b-instruct-2507-FC,multi_turn_base_45,False,5,26870,177,3.865
qwen3-235b-instruct,qwen3-235b-a22b-instruct-2507-FC,multi_turn_base_46,False,5,20279,132,3.862
qwen3-235b-instruct,qwen3-235b-a22b-instruct-2507-FC,multi_turn_base_47,True,7,38104,197,5.905
qwen3-235b-instruct,qwen3-235b-a22b-instruct-2507-FC,multi_turn_base_48,True,11,49961,418,8.597
qwen3-235b-instruct,qwen3-235b-a22b-instruct-2507-FC,multi_turn_base_49,False,9,50222,302,6.837
qwen3-235b-instruct,qwen3-235b-a22b-instruct-2507-FC,multi_turn_base_50,True,2,6437,127,1.515
qwen3-235b-instruct,qwen3-235b-a22b-instruct-2507-FC,multi_turn_base_51,True,13,59133,486,11.629
qwen3-235b-instruct,qwen3-235b-a22b-instruct-2507-FC,multi_turn_base_52,True,14,74472,526,11.624
qwen3-235b-instruct,qwen3-235b-a22b-instruct-2507-FC,multi_turn_base_53,True,13,68480,412,11.187
qwen3-235b-instruct,qwen3-235b-a22b-instruct-2507-FC,multi_turn_base_54,False,7,36401,252,6.959
qwen3-235b-instruct,qwen3-235b-a22b-instruct-2507-FC,multi_turn_base_55,False,18,89149,753,15.231
qwen3-235b-instruct,qwen3-235b-a22b-instruct-2507-FC,multi_turn_base_56,True,12,41211,391,10.146
qwen3-235b-instruct,qwen3-235b-a22b-instruct-2507-FC,multi_turn_base_57,True,6,33375,225,5.49
qwen3-235b-instruct,qwen3-235b-a22b-instruct-2507-FC,multi_turn_base_58,False,16,85539,517,14.023
qwen3-235b-instruct,qwen3-235b-a22b-instruct-2507-FC,multi_turn_base_59,False,16,93641,539,13.564
qwen3-235b-instruct,qwen3-235b-a22b-instruct-2507-FC,multi_turn_base_60,False,17,83488,648,12.976
qwen3-235b-instruct,qwen3-235b-a22b-instruct-2507-FC,multi_turn_base_61,False,22,103863,801,19.77
qwen3-235b-instruct,qwen3-235b-a22b-instruct-2507-FC,multi_turn_base_62,False,17,78339,549,13.745
qwen3-235b-instruct,qwen3-235b-a22b-instruct-2507-FC,multi_turn_base_63,True,15,68822,557,13.187
qwen3-235b-instruct,qwen3-235b-a22b-instruct-2507-FC,multi_turn_base_64,True,9,30527,329,7.247
qwen3-235b-instruct,qwen3-235b-a22b-instruct-2507-FC,multi_turn_base_65,False,15,82408,508,14.68
qwen3-235b-instruct,qwen3-235b-a22b-instruct-2507-FC,multi_turn_base_66,False,8,28070,385,5.831
qwen3-235b-instruct,qwen3-235b-a22b-instruct-2507-FC,multi_turn_base_67,False,14,62074,429,12.117
qwen3-235b-instruct,qwen3-235b-a22b-instruct-2507-FC,multi_turn_base_68,True,18,98021,633,15.157
qwen3-235b-instruct,qwen3-235b-a22b-instruct-2507-FC,multi_turn_base_69,False,8,41369,362,6.369
qwen3-235b-instruct,qwen3-235b-a22b-instruct-2507-FC,multi_turn_base_70,False,10,34613,329,9.22
qwen3-235b-instruct,qwen3-235b-a22b-instruct-2507-FC,multi_turn_base_71,True,15,52784,475,11.85
qwen3-235b-instruct,qwen3-235b-a22b-instruct-2507-FC,multi_turn_base_72,False,15,69845,624,11.994
qwen3-235b-instruct,qwen3-235b-a22b-instruct-2507-FC,multi_turn_base_73,True,12,41745,357,8.955
qwen3-235b-instruct,qwen3-235b-a22b-instruct-2507-FC,multi_turn_base_74,True,11,62899,375,9.286
qwen3-235b-instruct,qwen3-235b-a22b-instruct-2507-FC,multi_turn_base_75,False,15,81203,528,11.572
qwen3-235b-instruct,qwen3-235b-a22b-instruct-2507-FC,multi_turn_base_76,False,5,25435,246,4.093
qwen3-235b-instruct,qwen3-235b-a22b-instruct-2507-FC,multi_turn_base_77,True,9,45910,311,6.993
qwen3-235b-instruct,qwen3-235b-a22b-instruct-2507-FC,multi_turn_base_78,True,6,30697,269,5.26
qwen3-235b-instruct,qwen3-235b-a22b-instruct-2507-FC,multi_turn_base_79,False,11,38154,416,8.133
qwen3-235b-instruct,qwen3-235b-a22b-instruct-2507-FC,multi_turn_base_80,False,21,125530,728,18.473
qwen3-235b-instruct,qwen3-235b-a22b-instruct-2507-FC,multi_turn_base_81,True,16,94981,555,13.962
qwen3-235b-instruct,qwen3-235b-a22b-instruct-2507-FC,multi_turn_base_82,True,15,54972,487,12.472
qwen3-235b-instruct,qwen3-235b-a22b-instruct-2507-FC,multi_turn_base_83,True,11,38111,422,8.376
qwen3-235b-instruct,qwen3-235b-a22b-instruct-2507-FC,multi_turn_base_84,True,7,24656,319,5.325
qwen3-235b-instruct,qwen3-235b-a22b-instruct-2507-FC,multi_turn_base_85,False,13,44779,384,11.203
qwen3-235b-instruct,qwen3-235b-a22b-instruct-2507-FC,multi_turn_base_86,True,10,53804,461,9.269
qwen3-235b-instruct,qwen3-235b-a22b-instruct-2507-FC,multi_turn_base_87,False,9,31183,395,6.837
qwen3-235b-instruct,qwen3-235b-a22b-instruct-2507-FC,multi_turn_base_88,False,13,68392,400,10.256
qwen3-235b-instruct,qwen3-235b-a22b-instruct-2507-FC,multi_turn_base_89,True,16,56693,531,12.292
qwen3-235b-instruct,qwen3-235b-a22b-instruct-2507-FC,multi_turn_base_90,True,17,91443,551,14.438
qwen3-235b-instruct,qwen3-235b-a22b-instruct-2507-FC,multi_turn_base_91,True,7,30092,271,9.074
qwen3-235b-instruct,qwen3-235b-a22b-instruct-2507-FC,multi_turn_base_92,False,16,58153,554,13.409
qwen3-235b-instruct,qwen3-235b-a22b-instruct-2507-FC,multi_turn_base_93,False,5,16390,298,4.26
qwen3-235b-instruct,qwen3-235b-a22b-instruct-2507-FC,multi_turn_base_94,True,14,50654,478,12.541
qwen3-235b-instruct,qwen3-235b-a22b-instruct-2507-FC,multi_turn_base_95,True,15,67802,507,12.376
qwen3-235b-instruct,qwen3-235b-a22b-instruct-2507-FC,multi_turn_base_96,True,10,35313,646,8.478
qwen3-235b-instruct,qwen3-235b-a22b-instruct-2507-FC,multi_turn_base_97,False,19,89717,634,14.936
qwen3-235b-instruct,qwen3-235b-a22b-instruct-2507-FC,multi_turn_base_98,True,12,68981,320,10.523
qwen3-235b-instruct,qwen3-235b-a22b-instruct-2507-FC,multi_turn_base_99,False,15,54209,605,12.608
qwen3-235b-thinking,qwen3-235b-a22b-thinking-2507-FC,multi_turn_base_0,False,14,90968,9702,10.726
qwen3-235b-thinking,qwen3-235b-a22b-thinking-2507-FC,multi_turn_base_1,True,8,28614,3344,5.756
qwen3-235b-thinking,qwen3-235b-a22b-thinking-2507-FC,multi_turn_base_2,False,13,71760,8856,9.53
qwen3-235b-thinking,qwen3-235b-a22b-thinking-2507-FC,multi_turn_base_3,True,4,15170,3390,2.279
qwen3-235b-thinking,qwen3-235b-a22b-thinking-2507-FC,multi_turn_base_4,False,7,38725,4257,5.7
qwen3-235b-thinking,qwen3-235b-a22b-thinking-2507-FC,multi_turn_base_5,False,11,61778,5440,7.572
qwen3-235b-thinking,qwen3-235b-a22b-thinking-2507-FC,multi_turn_base_6,False,12,46828,5082,7.539
qwen3-235b-thinking,qwen3-235b-a22b-thinking-2507-FC,multi_turn_base_7,True,6,31269,2750,3.56
qwen3-235b-thinking,qwen3-235b-a22b-thinking-2507-FC,multi_turn_base_8,False,9,53113,6009,6.14
qwen3-235b-thinking,qwen3-235b-a22b-thinking-2507-FC,multi_turn_base_9,False,15,133697,19755,14.528
qwen3-235b-thinking,qwen3-235b-a22b-thinking-2507-FC,multi_turn_base_10,False,13,55342,9934,8.714
qwen3-235b-thinking,qwen3-235b-a22b-thinking-2507-FC,multi_turn_base_11,False,5,30810,5764,3.907
qwen3-235b-thinking,qwen3-235b-a22b-thinking-2507-FC,multi_turn_base_12,True,7,28502,4272,7.453
qwen3-235b-thinking,qwen3-235b-a22b-thinking-2507-FC,multi_turn_base_13,True,6,39583,4468,4.458
qwen3-235b-thinking,qwen3-235b-a22b-thinking-2507-FC,multi_turn_base_14,True,10,50833,5841,8.154
qwen3-235b-thinking,qwen3-235b-a22b-thinking-2507-FC,multi_turn_base_15,False,10,61984,7147,7.473
qwen3-235b-thinking,qwen3-235b-a22b-thinking-2507-FC,multi_turn_base_16,False,9,61861,11275,7.273
qwen3-235b-thinking,qwen3-235b-a22b-thinking-2507-FC,multi_turn_base_17,True,12,62322,5176,7.668
qwen3-235b-thinking,qwen3-235b-a22b-thinking-2507-FC,multi_turn_base_18,False,8,66686,12401,7.81
qwen3-235b-thinking,qwen3-235b-a22b-thinking-2507-FC,multi_turn_base_19,True,9,57154,6692,6.429
qwen3-235b-thinking,qwen3-235b-a22b-thinking-2507-FC,multi_turn_base_20,True,8,55382,7178,5.88
qwen3-235b-thinking,qwen3-235b-a22b-thinking-2507-FC,multi_turn_base_21,True,6,33067,4254,4.643
qwen3-235b-thinking,qwen3-235b-a22b-thinking-2507-FC,multi_turn_base_22,True,11,60501,3847,7.406
qwen3-235b-thinking,qwen3-235b-a22b-thinking-2507-FC,multi_turn_base_23,True,8,39119,2674,5.735
qwen3-235b-thinking,qwen3-235b-a22b-thinking-2507-FC,multi_turn_base_24,True,9,49450,7003,6.376
qwen3-235b-thinking,qwen3-235b-a22b-thinking-2507-FC,multi_turn_base_25,False,9,31485,3219,5.53
qwen3-235b-thinking,qwen3-235b-a22b-thinking-2507-FC,multi_turn_base_26,False,7,24206,2312,4.395
qwen3-235b-thinking,qwen3-235b-a22b-thinking-2507-FC,multi_turn_base_27,True,13,70854,4955,9.527
qwen3-235b-thinking,qwen3-235b-a22b-thinking-2507-FC,multi_turn_base_28,False,11,74135,6282,8.107
qwen3-235b-thinking,qwen3-235b-a22b-thinking-2507-FC,multi_turn_base_29,True,6,20603,2861,3.773
qwen3-235b-thinking,qwen3-235b-a22b-thinking-2507-FC,multi_turn_base_30,False,6,35962,5326,4.436
qwen3-235b-thinking,qwen3-235b-a22b-thinking-2507-FC,multi_turn_base_31,False,5,37155,6126,4.118
qwen3-235b-thinking,qwen3-235b-a22b-thinking-2507-FC,multi_turn_base_32,False,5,29928,2469,3.358
qwen3-235b-thinking,qwen3-235b-a22b-thinking-2507-FC,multi_turn_base_33,False,13,62357,6301,9.247
qwen3-235b-thinking,qwen3-235b-a22b-thinking-2507-FC,multi_turn_base_34,False,7,66799,8621,6.502
qwen3-235b-thinking,qwen3-235b-a22b-thinking-2507-FC,multi_turn_base_35,True,12,82854,7137,8.871
qwen3-235b-thinking,qwen3-235b-a22b-thinking-2507-FC,multi_turn_base_36,False,14,159136,14697,14.123
qwen3-235b-thinking,qwen3-235b-a22b-thinking-2507-FC,multi_turn_base_37,True,10,55774,10343,7.476
qwen3-235b-thinking,qwen3-235b-a22b-thinking-2507-FC,multi_turn_base_38,True,8,48079,6211,6.247
qwen3-235b-thinking,qwen3-235b-a22b-thinking-2507-FC,multi_turn_base_39,True,9,33195,4140,5.221
qwen3-235b-thinking,qwen3-235b-a22b-thinking-2507-FC,multi_turn_base_40,True,8,36906,4180,4.977
qwen3-235b-thinking,qwen3-235b-a22b-thinking-2507-FC,multi_turn_base_41,True,10,56041,3998,6.814
qwen3-235b-thinking,qwen3-235b-a22b-thinking-2507-FC,multi_turn_base_42,False,8,49268,4823,5.365
qwen3-235b-thinking,qwen3-235b-a22b-thinking-2507-FC,multi_turn_base_43,True,10,46467,3630,5.234
qwen3-235b-thinking,qwen3-235b-a22b-thinking-2507-FC,multi_turn_base_44,False,11,86778,10644,7.646
qwen3-235b-thinking,qwen3-235b-a22b-thinking-2507-FC,multi_turn_base_45,True,4,23722,2905,2.3
qwen3-235b-thinking,qwen3-235b-a22b-thinking-2507-FC,multi_turn_base_46,False,2,8902,1136,1.08
qwen3-235b-thinking,qwen3-235b-a22b-thinking-2507-FC,multi_turn_base_47,True,7,40401,3028,3.945
qwen3-235b-thinking,qwen3-235b-a22b-thinking-2507-FC,multi_turn_base_48,True,10,51643,4075,6.723
qwen3-235b-thinking,qwen3-235b-a22b-thinking-2507-FC,multi_turn_base_49,False,8,46484,5591,5.024
qwen3-235b-thinking,qwen3-235b-a22b-thinking-2507-FC,multi_turn_base_50,True,2,6788,675,1.572
qwen3-235b-thinking,qwen3-235b-a22b-thinking-2507-FC,multi_turn_base_51,True,11,53997,3802,7.498
qwen3-235b-thinking,qwen3-235b-a22b-thinking-2507-FC,multi_turn_base_52,True,12,70197,4662,9.781
qwen3-235b-thinking,qwen3-235b-a22b-thinking-2507-FC,multi_turn_base_53,True,12,68789,4513,9.645
qwen3-235b-thinking,qwen3-235b-a22b-thinking-2507-FC,multi_turn_base_54,True,11,63146,3269,6.647
qwen3-235b-thinking,qwen3-235b-a22b-thinking-2507-FC,multi_turn_base_55,True,14,74604,4573,8.907
qwen3-235b-thinking,qwen3-235b-a22b-thinking-2507-FC,multi_turn_base_56,True,12,51836,6464,9.006
qwen3-235b-thinking,qwen3-235b-a22b-thinking-2507-FC,multi_turn_base_57,True,5,29462,2922,3.688
qwen3-235b-thinking,qwen3-235b-a22b-thinking-2507-FC,multi_turn_base_58,False,16,100723,7775,12.538
qwen3-235b-thinking,qwen3-235b-a22b-thinking-2507-FC,multi_turn_base_59,True,16,102985,6896,11.87
qwen3-235b-thinking,qwen3-235b-a22b-thinking-2507-FC,multi_turn_base_60,True,14,72745,3881,9.303
qwen3-235b-thinking,qwen3-235b-a22b-thinking-2507-FC,multi_turn_base_61,True,14,79171,9606,11.632
qwen3-235b-thinking,qwen3-235b-a22b-thinking-2507-FC,multi_turn_base_62,False,14,74753,5264,10.269
qwen3-235b-thinking,qwen3-235b-a22b-thinking-2507-FC,multi_turn_base_63,False,8,40585,5377,5.277
qwen3-235b-thinking,qwen3-235b-a22b-thinking-2507-FC,multi_turn_base_64,True,9,34837,2371,6.912
qwen3-235b-thinking,qwen3-235b-a22b-thinking-2507-FC,multi_turn_base_65,True,8,70512,7579,6.113
qwen3-235b-thinking,qwen3-235b-a22b-thinking-2507-FC,multi_turn_base_66,False,10,43763,6948,6.805
qwen3-235b-thinking,qwen3-235b-a22b-thinking-2507-FC,multi_turn_base_67,True,16,85154,6783,10.509
qwen3-235b-thinking,qwen3-235b-a22b-thinking-2507-FC,multi_turn_base_68,True,18,113387,7076,15.111
qwen3-235b-thinking,qwen3-235b-a22b-thinking-2507-FC,multi_turn_base_69,False,6,36748,4729,5.12
qwen3-235b-thinking,qwen3-235b-a22b-thinking-2507-FC,multi_turn_base_70,True,9,50646,6720,6.761
qwen3-235b-thinking,qwen3-235b-a22b-thinking-2507-FC,multi_turn_base_71,True,17,69516,5924,11.316
qwen3-235b-thinking,qwen3-235b-a22b-thinking-2507-FC,multi_turn_base_72,False,15,77306,5674,10.339
qwen3-235b-thinking,qwen3-235b-a22b-thinking-2507-FC,multi_turn_base_73,False,15,68291,4598,9.207
qwen3-235b-thinking,qwen3-235b-a22b-thinking-2507-FC,multi_turn_base_74,True,12,86193,5242,8.217
qwen3-235b-thinking,qwen3-235b-a22b-thinking-2507-FC,multi_turn_base_75,False,13,77986,4831,9.714
qwen3-235b-thinking,qwen3-235b-a22b-thinking-2507-FC,multi_turn_base_76,True,5,28425,3020,3.413
qwen3-235b-thinking,qwen3-235b-a22b-thinking-2507-FC,multi_turn_base_77,True,7,38860,3400,4.397
qwen3-235b-thinking,qwen3-235b-a22b-thinking-2507-FC,multi_turn_base_78,True,5,27768,2683,2.959
qwen3-235b-thinking,qwen3-235b-a22b-thinking-2507-FC,multi_turn_base_79,True,10,37197,2233,5.406
qwen3-235b-thinking,qwen3-235b-a22b-thinking-2507-FC,multi_turn_base_80,True,14,92111,7212,9.54
qwen3-235b-thinking,qwen3-235b-a22b-thinking-2507-FC,multi_turn_base_81,True,11,75426,7777,7.885
qwen3-235b-thinking,qwen3-235b-a22b-thinking-2507-FC,multi_turn_base_82,True,15,69306,6567,9.825
qwen3-235b-thinking,qwen3-235b-a22b-thinking-2507-FC,multi_turn_base_83,True,11,44818,4393,6.984
qwen3-235b-thinking,qwen3-235b-a22b-thinking-2507-FC,multi_turn_base_84,False,7,29606,3548,4.424
qwen3-235b-thinking,qwen3-235b-a22b-thinking-2507-FC,multi_turn_base_85,True,11,50403,5478,7.306
qwen3-235b-thinking,qwen3-235b-a22b-thinking-2507-FC,multi_turn_base_86,True,9,57725,6331,6.927
qwen3-235b-thinking,qwen3-235b-a22b-thinking-2507-FC,multi_turn_base_87,True,12,48241,3677,7.136
qwen3-235b-thinking,qwen3-235b-a22b-thinking-2507-FC,multi_turn_base_88,True,7,40439,4315,4.493
qwen3-235b-thinking,qwen3-235b-a22b-thinking-2507-FC,multi_turn_base_89,True,12,54536,6851,7.704
qwen3-235b-thinking,qwen3-235b-a22b-thinking-2507-FC,multi_turn_base_90,True,17,103079,6863,11.286
qwen3-235b-thinking,qwen3-235b-a22b-thinking-2507-FC,multi_turn_base_91,True,6,28625,2363,3.261
qwen3-235b-thinking,qwen3-235b-a22b-thinking-2507-FC,multi_turn_base_92,False,16,68068,5810,9.016
qwen3-235b-thinking,qwen3-235b-a22b-thinking-2507-FC,multi_turn_base_93,False,10,40091,2969,5.366
qwen3-235b-thinking,qwen3-235b-a22b-thinking-2507-FC,multi_turn_base_94,True,12,55263,6986,7.473
qwen3-235b-thinking,qwen3-235b-a22b-thinking-2507-FC,multi_turn_base_95,True,14,67120,4633,8.118
qwen3-235b-thinking,qwen3-235b-a22b-thinking-2507-FC,multi_turn_base_96,True,6,24032,3282,3.467
qwen3-235b-thinking,qwen3-235b-a22b-thinking-2507-FC,multi_turn_base_97,True,20,109976,8098,12.085
qwen3-235b-thinking,qwen3-235b-a22b-thinking-2507-FC,multi_turn_base_98,True,14,103270,6064,9.273
qwen3-235b-thinking,qwen3-235b-a22b-thinking-2507-FC,multi_turn_base_99,False,11,47652,5956,6.836
